TIMESTAMP;SPEED;ALTITUDE;TRIP;TEMPERATURE;FUEL;PERSONS;COUNT_TRIPS;ROUTE
05/04/2024 18:01;5;30;GO;21;BP;3;1;CITY
05/04/2024 18:01;21;30;GO;21;BP;3;1;CITY
05/04/2024 18:02;7;30;GO;21;BP;3;1;CITY
05/04/2024 18:02;7;30;GO;21;BP;3;1;CITY
05/04/2024 18:03;8;30;GO;21;BP;3;1;CITY
05/04/2024 18:03;15;32;GO;21;BP;3;1;CITY
05/04/2024 18:03;26;32;GO;21;BP;3;1;CITY
05/04/2024 18:04;43;32;GO;21;BP;3;1;CITY
05/04/2024 18:04;43;32;GO;21;BP;3;1;CITY
05/04/2024 18:05;26;32;GO;21;BP;3;1;CITY
05/04/2024 18:05;23;32;GO;21;BP;3;1;CITY
05/04/2024 18:05;35;32;GO;21;BP;3;1;CITY
05/04/2024 18:06;36;32;GO;21;BP;3;1;CITY
05/04/2024 18:06;0;32;GO;21;BP;3;1;CITY
05/04/2024 18:07;30;32;GO;21;BP;3;1;CITY
05/04/2024 18:07;41;32;GO;21;BP;3;1;CITY
05/04/2024 18:07;26;37;GO;21;BP;3;1;CITY
05/04/2024 18:08;29;37;GO;21;BP;3;1;CITY
05/04/2024 18:08;39;37;GO;21;BP;3;1;CITY
05/04/2024 18:09;31;37;GO;21;BP;3;1;CITY
05/04/2024 18:09;4;37;GO;21;BP;3;1;CITY
05/04/2024 18:10;18;43;GO;21;BP;3;1;CITY
05/04/2024 18:10;13;43;GO;21;BP;3;1;CITY
05/04/2024 18:10;28;43;GO;21;BP;3;1;CITY
05/04/2024 18:11;0;43;GO;21;BP;3;1;CITY
05/04/2024 18:11;14;43;GO;21;BP;3;1;CITY
05/04/2024 18:12;18;39;GO;21;BP;3;1;CITY
05/04/2024 18:12;15;39;GO;21;BP;3;1;CITY
05/04/2024 18:12;30;39;GO;21;BP;3;1;CITY
05/04/2024 18:13;20;39;GO;21;BP;3;1;CITY
05/04/2024 18:13;4;47;GO;21;BP;3;1;CITY
05/04/2024 18:14;5;47;GO;21;BP;3;1;CITY
05/04/2024 18:14;10;47;GO;21;BP;3;1;CITY
05/04/2024 18:14;13;47;GO;21;BP;3;1;CITY
05/04/2024 18:15;22;49;GO;21;BP;3;1;CITY
05/04/2024 18:15;23;49;GO;21;BP;3;1;CITY
05/04/2024 18:16;21;49;GO;21;BP;3;1;CITY
05/04/2024 18:16;7;50;GO;21;BP;3;1;CITY
05/04/2024 18:16;9;50;GO;21;BP;3;1;CITY
05/04/2024 18:17;10;50;GO;21;BP;3;1;CITY
05/04/2024 18:17;4;48;GO;21;BP;3;1;CITY
05/04/2024 18:18;3;49;GO;21;BP;3;1;CITY
05/04/2024 18:18;0;46;GO;21;BP;3;1;CITY
05/04/2024 18:47;0;46;RETURN;21;BP;3;2;CITY
05/04/2024 18:47;7;47;RETURN;21;BP;3;2;CITY
05/04/2024 18:47;0;46;RETURN;21;BP;3;2;CITY
05/04/2024 18:48;10;48;RETURN;21;BP;3;2;CITY
05/04/2024 18:48;18;47;RETURN;21;BP;3;2;CITY
05/04/2024 18:48;12;48;RETURN;21;BP;3;2;CITY
05/04/2024 18:48;13;48;RETURN;21;BP;3;2;CITY
05/04/2024 18:49;21;50;RETURN;21;BP;3;2;CITY
05/04/2024 18:49;9;50;RETURN;21;BP;3;2;CITY
05/04/2024 18:49;5;50;RETURN;21;BP;3;2;CITY
05/04/2024 18:49;9;49;RETURN;21;BP;3;2;CITY
05/04/2024 18:49;18;50;RETURN;21;BP;3;2;CITY
05/04/2024 18:50;24;49;RETURN;21;BP;3;2;CITY
05/04/2024 18:50;14;47;RETURN;21;BP;3;2;CITY
05/04/2024 18:50;24;48;RETURN;21;BP;3;2;CITY
05/04/2024 18:50;29;47;RETURN;21;BP;3;2;CITY
05/04/2024 18:51;22;47;RETURN;21;BP;3;2;CITY
05/04/2024 18:51;6;47;RETURN;21;BP;3;2;CITY
05/04/2024 18:51;7;47;RETURN;21;BP;3;2;CITY
05/04/2024 18:51;20;47;RETURN;21;BP;3;2;CITY
05/04/2024 18:51;32;43;RETURN;21;BP;3;2;CITY
05/04/2024 18:52;10;45;RETURN;21;BP;3;2;CITY
05/04/2024 18:52;2;43;RETURN;21;BP;3;2;CITY
05/04/2024 18:52;20;37;RETURN;21;BP;3;2;CITY
05/04/2024 18:52;38;40;RETURN;21;BP;3;2;CITY
05/04/2024 18:53;33;37;RETURN;21;BP;3;2;CITY
05/04/2024 18:53;31;32;RETURN;21;BP;3;2;CITY
05/04/2024 18:53;29;34;RETURN;21;BP;3;2;CITY
05/04/2024 18:53;26;32;RETURN;21;BP;3;2;CITY
05/04/2024 18:54;27;32;RETURN;21;BP;3;2;CITY
05/04/2024 18:54;19;32;RETURN;21;BP;3;2;CITY
05/04/2024 18:54;16;32;RETURN;21;BP;3;2;CITY
05/04/2024 18:54;5;32;RETURN;21;BP;3;2;CITY
05/04/2024 18:54;13;32;RETURN;21;BP;3;2;CITY
05/04/2024 18:55;0;30;RETURN;21;BP;3;2;CITY
05/04/2024 18:55;15;30;RETURN;21;BP;3;2;CITY
05/04/2024 18:55;19;30;RETURN;21;BP;3;2;CITY
05/04/2024 18:55;26;30;RETURN;21;BP;3;2;CITY
05/04/2024 18:56;15;30;RETURN;21;BP;3;2;CITY
05/04/2024 18:56;5;30;RETURN;21;BP;3;2;CITY
05/04/2024 18:56;3;41;RETURN;21;BP;3;2;CITY
05/04/2024 18:56;6;41;RETURN;21;BP;3;2;CITY
05/04/2024 18:56;6;41;RETURN;21;BP;3;2;CITY
05/04/2024 18:57;17;41;RETURN;21;BP;3;2;CITY
05/04/2024 18:57;19;38;RETURN;21;BP;3;2;CITY
05/04/2024 18:57;22;38;RETURN;21;BP;3;2;CITY
05/04/2024 18:57;24;38;RETURN;21;BP;3;2;CITY
05/04/2024 18:58;8;38;RETURN;21;BP;3;2;CITY
05/04/2024 18:58;3;38;RETURN;21;BP;3;2;CITY
05/04/2024 18:58;8;33;RETURN;21;BP;3;2;CITY
05/04/2024 18:58;15;33;RETURN;21;BP;3;2;CITY
05/04/2024 18:58;22;33;RETURN;21;BP;3;2;CITY
05/04/2024 18:59;18;33;RETURN;21;BP;3;2;CITY
05/04/2024 18:59;12;33;RETURN;21;BP;3;2;CITY
05/04/2024 18:59;9;33;RETURN;21;BP;3;2;CITY
05/04/2024 18:59;5;33;RETURN;21;BP;3;2;CITY
05/04/2024 19:00;3;33;RETURN;21;BP;3;2;CITY
05/04/2024 19:00;2;33;RETURN;21;BP;3;2;CITY
05/04/2024 19:00;0;30;RETURN;21;BP;3;2;CITY
06/04/2024 9:18;0;33;GO;22;BP;3;1;CITY
06/04/2024 9:19;11;32;GO;22;BP;3;1;CITY
06/04/2024 9:20;3;32;GO;22;BP;3;1;CITY
06/04/2024 9:21;20;32;GO;22;BP;3;1;CITY
06/04/2024 9:22;27;33;GO;22;BP;3;1;CITY
06/04/2024 9:23;24;27;GO;22;BP;3;1;CITY
06/04/2024 9:24;0;27;GO;22;BP;3;1;CITY
06/04/2024 9:25;32;19;GO;22;BP;3;1;CITY
06/04/2024 9:26;12;23;GO;22;BP;3;1;CITY
06/04/2024 9:27;40;2;GO;22;BP;3;1;CITY
06/04/2024 9:28;72;10;GO;22;BP;3;1;HIGHSPEED
06/04/2024 9:29;88;5;GO;22;BP;3;1;HIGHSPEED
06/04/2024 9:30;91;4;GO;22;BP;3;1;HIGHSPEED
06/04/2024 9:31;101;6;GO;22;BP;3;1;HIGHSPEED
06/04/2024 9:32;102;6;GO;22;BP;3;1;HIGHSPEED
06/04/2024 9:33;83;6;GO;22;BP;3;1;HIGHSPEED
06/04/2024 9:34;103;15;GO;22;BP;3;1;HIGHSPEED
06/04/2024 9:35;105;10;GO;22;BP;3;1;HIGHSPEED
06/04/2024 9:36;106;15;GO;22;BP;3;1;HIGHSPEED
06/04/2024 9:37;108;70;GO;22;BP;3;1;HIGHSPEED
06/04/2024 9:38;94;42;GO;22;BP;3;1;HIGHSPEED
06/04/2024 9:39;108;125;GO;22;BP;3;1;HIGHSPEED
06/04/2024 9:40;69;98;GO;22;BP;3;1;HIGHSPEED
06/04/2024 9:40;112;91;GO;22;BP;3;1;HIGHSPEED
06/04/2024 9:41;95;108;GO;22;BP;3;1;HIGHSPEED
06/04/2024 9:42;48;61;GO;22;BP;3;1;CITY
06/04/2024 9:43;6;76;GO;22;BP;3;1;CITY
06/04/2024 9:44;0;30;GO;22;BP;3;1;CITY
06/04/2024 9:45;3;46;GO;22;BP;3;1;CITY
06/04/2024 9:46;32;46;GO;22;BP;3;1;CITY
06/04/2024 9:47;24;23;GO;22;BP;3;1;CITY
06/04/2024 9:48;16;26;GO;22;BP;3;1;CITY
06/04/2024 9:49;22;23;GO;22;BP;3;1;CITY
06/04/2024 9:50;54;21;GO;22;BP;3;1;HIGHSPEED
06/04/2024 9:51;90;22;GO;22;BP;3;1;HIGHSPEED
06/04/2024 9:52;94;21;GO;22;BP;3;1;HIGHSPEED
06/04/2024 9:53;78;69;GO;22;BP;3;1;HIGHSPEED
06/04/2024 9:54;85;45;GO;22;BP;3;1;HIGHSPEED
06/04/2024 9:55;77;69;GO;22;BP;3;1;HIGHSPEED
06/04/2024 9:56;51;87;GO;22;BP;3;1;HIGHSPEED
06/04/2024 9:57;24;78;GO;22;BP;3;1;CITY
06/04/2024 9:58;19;87;GO;22;BP;3;1;CITY
06/04/2024 9:59;20;106;GO;22;BP;3;1;CITY
06/04/2024 10:00;9;96;GO;22;BP;3;1;CITY
06/04/2024 10:01;5;106;GO;22;BP;3;1;CITY
06/04/2024 10:02;0;105;GO;22;BP;3;1;CITY
06/04/2024 10:15;0;105;RETURN;26;BP;1;2;CITY
06/04/2024 10:16;9;105;RETURN;26;BP;1;2;CITY
06/04/2024 10:18;9;105;RETURN;26;BP;1;2;CITY
06/04/2024 10:19;16;106;RETURN;26;BP;1;2;CITY
06/04/2024 10:20;49;106;RETURN;26;BP;1;2;CITY
06/04/2024 10:22;55;106;RETURN;26;BP;1;2;HIGHSPEED
06/04/2024 10:23;81;87;RETURN;26;BP;1;2;HIGHSPEED
06/04/2024 10:24;69;96;RETURN;26;BP;1;2;HIGHSPEED
06/04/2024 10:26;82;87;RETURN;26;BP;1;2;HIGHSPEED
06/04/2024 10:27;104;69;RETURN;26;BP;1;2;HIGHSPEED
06/04/2024 10:28;93;78;RETURN;26;BP;1;2;HIGHSPEED
06/04/2024 10:30;88;69;RETURN;26;BP;1;2;HIGHSPEED
06/04/2024 10:31;66;21;RETURN;26;BP;1;2;HIGHSPEED
06/04/2024 10:32;44;45;RETURN;26;BP;1;2;CITY
06/04/2024 10:34;35;21;RETURN;26;BP;1;2;CITY
06/04/2024 10:35;32;23;RETURN;26;BP;1;2;CITY
06/04/2024 10:36;26;22;RETURN;26;BP;1;2;CITY
06/04/2024 10:38;32;23;RETURN;26;BP;1;2;CITY
06/04/2024 10:39;35;30;RETURN;26;BP;1;2;CITY
06/04/2024 10:40;32;26;RETURN;26;BP;1;2;CITY
06/04/2024 10:42;37;61;RETURN;26;BP;1;2;CITY
06/04/2024 10:43;70;46;RETURN;26;BP;1;2;HIGHSPEED
06/04/2024 10:44;105;91;RETURN;26;BP;1;2;HIGHSPEED
06/04/2024 10:46;111;76;RETURN;26;BP;1;2;HIGHSPEED
06/04/2024 10:47;113;125;RETURN;26;BP;1;2;HIGHSPEED
06/04/2024 10:48;113;108;RETURN;26;BP;1;2;HIGHSPEED
06/04/2024 10:50;88;70;RETURN;26;BP;1;2;HIGHSPEED
06/04/2024 10:51;95;98;RETURN;26;BP;1;2;HIGHSPEED
06/04/2024 10:52;98;98;RETURN;26;BP;1;2;HIGHSPEED
06/04/2024 10:54;66;15;RETURN;26;BP;1;2;HIGHSPEED
06/04/2024 10:55;34;42;RETURN;26;BP;1;2;HIGHSPEED
06/04/2024 10:56;73;15;RETURN;26;BP;1;2;HIGHSPEED
06/04/2024 10:58;96;6;RETURN;26;BP;1;2;HIGHSPEED
06/04/2024 10:59;120;10;RETURN;26;BP;1;2;HIGHSPEED
06/04/2024 11:00;126;5;RETURN;26;BP;1;2;HIGHSPEED
06/04/2024 11:02;117;6;RETURN;26;BP;1;2;HIGHSPEED
06/04/2024 11:03;111;2;RETURN;26;BP;1;2;HIGHSPEED
06/04/2024 11:04;105;4;RETURN;26;BP;1;2;HIGHSPEED
06/04/2024 11:06;103;4;RETURN;26;BP;1;2;HIGHSPEED
06/04/2024 11:07;89;7;RETURN;26;BP;1;2;HIGHSPEED
06/04/2024 11:08;97;4;RETURN;26;BP;1;2;HIGHSPEED
06/04/2024 11:10;71;7;RETURN;26;BP;1;2;HIGHSPEED
06/04/2024 11:11;73;7;RETURN;26;BP;1;2;HIGHSPEED
06/04/2024 11:12;78;18;RETURN;26;BP;1;2;HIGHSPEED
06/04/2024 11:14;66;18;RETURN;26;BP;1;2;HIGHSPEED
06/04/2024 11:15;76;18;RETURN;26;BP;1;2;HIGHSPEED
06/04/2024 11:16;76;18;RETURN;26;BP;1;2;HIGHSPEED
06/04/2024 11:18;69;19;RETURN;26;BP;1;2;HIGHSPEED
06/04/2024 11:19;39;19;RETURN;26;BP;1;2;CITY
06/04/2024 11:20;9;27;RETURN;26;BP;1;2;CITY
06/04/2024 11:22;37;23;RETURN;26;BP;1;2;CITY
06/04/2024 11:23;31;23;RETURN;26;BP;1;2;CITY
06/04/2024 11:24;18;27;RETURN;26;BP;1;2;CITY
06/04/2024 11:26;5;27;RETURN;26;BP;1;2;CITY
06/04/2024 11:27;0;33;RETURN;26;BP;1;2;CITY
13/04/2024 10:31;0;33;GO;19;BP;2;1;CITY
13/04/2024 10:32;3;33;GO;19;BP;2;1;CITY
13/04/2024 10:32;0;33;GO;19;BP;2;1;CITY
13/04/2024 10:33;11;33;GO;19;BP;2;1;CITY
13/04/2024 10:34;20;33;GO;19;BP;2;1;CITY
13/04/2024 10:34;6;27;GO;19;BP;2;1;CITY
13/04/2024 10:35;24;27;GO;19;BP;2;1;CITY
13/04/2024 10:36;8;19;GO;19;BP;2;1;CITY
13/04/2024 10:36;3;23;GO;19;BP;2;1;CITY
13/04/2024 10:37;29;2;GO;19;BP;2;1;CITY
13/04/2024 10:38;32;10;GO;19;BP;2;1;CITY
13/04/2024 10:38;27;5;GO;19;BP;2;1;CITY
13/04/2024 10:39;29;4;GO;19;BP;2;1;CITY
13/04/2024 10:40;41;6;GO;19;BP;2;1;CITY
13/04/2024 10:40;0;6;GO;19;BP;2;1;CITY
13/04/2024 10:41;13;6;GO;19;BP;2;1;CITY
13/04/2024 10:42;38;15;GO;19;BP;2;1;CITY
13/04/2024 10:42;60;10;GO;19;BP;2;1;HIGHSPEED
13/04/2024 10:43;70;15;GO;19;BP;2;1;HIGHSPEED
13/04/2024 10:44;83;70;GO;19;BP;2;1;HIGHSPEED
13/04/2024 10:44;92;42;GO;19;BP;2;1;HIGHSPEED
13/04/2024 10:45;95;125;GO;19;BP;2;1;HIGHSPEED
13/04/2024 10:46;99;98;GO;19;BP;2;1;HIGHSPEED
13/04/2024 10:46;88;91;GO;19;BP;2;1;HIGHSPEED
13/04/2024 10:47;81;108;GO;19;BP;2;1;HIGHSPEED
13/04/2024 10:48;82;108;GO;19;BP;2;1;HIGHSPEED
13/04/2024 10:48;80;91;GO;19;BP;2;1;HIGHSPEED
13/04/2024 10:49;83;91;GO;19;BP;2;1;HIGHSPEED
13/04/2024 10:50;109;100;GO;19;BP;2;1;HIGHSPEED
13/04/2024 10:50;88;97;GO;19;BP;2;1;HIGHSPEED
13/04/2024 10:51;85;91;GO;19;BP;2;1;HIGHSPEED
13/04/2024 10:52;98;91;GO;19;BP;2;1;HIGHSPEED
13/04/2024 10:52;99;124;GO;19;BP;2;1;HIGHSPEED
13/04/2024 10:53;100;124;GO;19;BP;2;1;HIGHSPEED
13/04/2024 10:54;115;124;GO;19;BP;2;1;HIGHSPEED
13/04/2024 10:54;110;124;GO;19;BP;2;1;HIGHSPEED
13/04/2024 10:55;69;124;GO;19;BP;2;1;HIGHSPEED
13/04/2024 10:56;102;124;GO;19;BP;2;1;HIGHSPEED
13/04/2024 10:56;101;124;GO;19;BP;2;1;HIGHSPEED
13/04/2024 10:57;102;124;GO;19;BP;2;1;HIGHSPEED
13/04/2024 10:58;98;118;GO;19;BP;2;1;HIGHSPEED
13/04/2024 10:58;96;118;GO;19;BP;2;1;HIGHSPEED
13/04/2024 10:59;80;118;GO;19;BP;2;1;HIGHSPEED
13/04/2024 11:00;69;118;GO;19;BP;2;1;HIGHSPEED
13/04/2024 11:01;30;43;GO;19;BP;2;1;CITY
13/04/2024 11:01;28;43;GO;19;BP;2;1;CITY
13/04/2024 11:02;29;43;GO;19;BP;2;1;CITY
13/04/2024 11:03;29;43;GO;19;BP;2;1;CITY
13/04/2024 11:03;30;43;GO;19;BP;2;1;CITY
13/04/2024 11:04;33;23;GO;19;BP;2;1;CITY
13/04/2024 11:05;18;23;GO;19;BP;2;1;CITY
13/04/2024 11:05;31;23;GO;19;BP;2;1;CITY
13/04/2024 11:06;35;23;GO;19;BP;2;1;CITY
13/04/2024 11:07;33;23;GO;19;BP;2;1;CITY
13/04/2024 11:07;40;23;GO;19;BP;2;1;CITY
13/04/2024 11:08;39;23;GO;19;BP;2;1;CITY
13/04/2024 11:09;18;16;GO;19;BP;2;1;CITY
13/04/2024 11:09;86;16;GO;19;BP;2;1;HIGHSPEED
13/04/2024 11:10;95;16;GO;19;BP;2;1;HIGHSPEED
13/04/2024 11:11;84;16;GO;19;BP;2;1;HIGHSPEED
13/04/2024 11:11;82;21;GO;19;BP;2;1;HIGHSPEED
13/04/2024 11:12;78;21;GO;19;BP;2;1;HIGHSPEED
13/04/2024 11:13;83;21;GO;19;BP;2;1;HIGHSPEED
13/04/2024 11:13;87;21;GO;19;BP;2;1;HIGHSPEED
13/04/2024 11:14;101;21;GO;19;BP;2;1;HIGHSPEED
13/04/2024 11:15;91;21;GO;19;BP;2;1;HIGHSPEED
13/04/2024 11:15;81;54;GO;19;BP;2;1;HIGHSPEED
13/04/2024 11:16;69;54;GO;19;BP;2;1;HIGHSPEED
13/04/2024 11:17;41;54;GO;19;BP;2;1;CITY
13/04/2024 11:17;0;54;GO;19;BP;2;1;CITY
13/04/2024 11:18;8;54;GO;19;BP;2;1;CITY
13/04/2024 11:19;23;54;GO;19;BP;2;1;CITY
13/04/2024 11:19;16;72;GO;19;BP;2;1;CITY
13/04/2024 11:20;26;72;GO;19;BP;2;1;CITY
13/04/2024 11:21;15;72;GO;19;BP;2;1;CITY
13/04/2024 11:21;16;72;GO;19;BP;2;1;CITY
13/04/2024 11:22;16;95;GO;19;BP;2;1;CITY
13/04/2024 11:23;27;95;GO;19;BP;2;1;CITY
13/04/2024 11:23;15;95;GO;19;BP;2;1;CITY
13/04/2024 11:24;26;106;GO;19;BP;2;1;CITY
13/04/2024 11:25;21;100;GO;19;BP;2;1;CITY
13/04/2024 11:25;22;106;GO;19;BP;2;1;CITY
13/04/2024 11:26;0;105;GO;19;BP;2;1;CITY
14/04/2024 13:50;0;105;GO;22;REPSOL;4;1;CITY
14/04/2024 13:50;2;105;GO;22;REPSOL;4;1;CITY
14/04/2024 13:50;0;105;GO;22;REPSOL;4;1;CITY
14/04/2024 13:51;4;105;GO;22;REPSOL;4;1;CITY
14/04/2024 13:51;0;105;GO;22;REPSOL;4;1;CITY
14/04/2024 13:51;6;105;GO;22;REPSOL;4;1;CITY
14/04/2024 13:51;9;105;GO;22;REPSOL;4;1;CITY
14/04/2024 13:51;1;105;GO;22;REPSOL;4;1;CITY
14/04/2024 13:52;6;105;GO;22;REPSOL;4;1;CITY
14/04/2024 13:52;12;108;GO;22;REPSOL;4;1;CITY
14/04/2024 13:52;18;108;GO;22;REPSOL;4;1;CITY
14/04/2024 13:52;15;108;GO;22;REPSOL;4;1;CITY
14/04/2024 13:52;11;108;GO;22;REPSOL;4;1;CITY
14/04/2024 13:52;13;108;GO;22;REPSOL;4;1;CITY
14/04/2024 13:53;15;113;GO;22;REPSOL;4;1;CITY
14/04/2024 13:53;16;113;GO;22;REPSOL;4;1;CITY
14/04/2024 13:53;18;113;GO;22;REPSOL;4;1;CITY
14/04/2024 13:53;19;113;GO;22;REPSOL;4;1;CITY
14/04/2024 13:53;23;113;GO;22;REPSOL;4;1;CITY
14/04/2024 13:54;22;113;GO;22;REPSOL;4;1;CITY
14/04/2024 13:54;21;104;GO;22;REPSOL;4;1;CITY
14/04/2024 13:54;18;104;GO;22;REPSOL;4;1;CITY
14/04/2024 13:54;11;104;GO;22;REPSOL;4;1;CITY
14/04/2024 13:54;7;104;GO;22;REPSOL;4;1;CITY
14/04/2024 13:55;19;104;GO;22;REPSOL;4;1;CITY
14/04/2024 13:55;19;104;GO;22;REPSOL;4;1;CITY
14/04/2024 13:55;15;104;GO;22;REPSOL;4;1;CITY
14/04/2024 13:55;21;104;GO;22;REPSOL;4;1;CITY
14/04/2024 13:55;15;94;GO;22;REPSOL;4;1;CITY
14/04/2024 13:56;11;94;GO;22;REPSOL;4;1;CITY
14/04/2024 13:56;28;94;GO;22;REPSOL;4;1;CITY
14/04/2024 13:56;22;94;GO;22;REPSOL;4;1;CITY
14/04/2024 13:56;12;94;GO;22;REPSOL;4;1;CITY
14/04/2024 13:56;24;94;GO;22;REPSOL;4;1;CITY
14/04/2024 13:56;15;94;GO;22;REPSOL;4;1;CITY
14/04/2024 13:57;28;94;GO;22;REPSOL;4;1;CITY
14/04/2024 13:57;41;94;GO;22;REPSOL;4;1;CITY
14/04/2024 13:57;48;96;GO;22;REPSOL;4;1;CITY
14/04/2024 13:57;49;96;GO;22;REPSOL;4;1;CITY
14/04/2024 13:57;45;96;GO;22;REPSOL;4;1;CITY
14/04/2024 13:58;39;96;GO;22;REPSOL;4;1;CITY
14/04/2024 13:58;32;102;GO;22;REPSOL;4;1;CITY
14/04/2024 13:58;23;102;GO;22;REPSOL;4;1;CITY
14/04/2024 13:58;20;102;GO;22;REPSOL;4;1;CITY
14/04/2024 13:58;24;102;GO;22;REPSOL;4;1;CITY
14/04/2024 13:59;30;102;GO;22;REPSOL;4;1;CITY
14/04/2024 13:59;33;102;GO;22;REPSOL;4;1;CITY
14/04/2024 13:59;38;102;GO;22;REPSOL;4;1;CITY
14/04/2024 13:59;46;110;GO;22;REPSOL;4;1;CITY
14/04/2024 13:59;67;110;GO;22;REPSOL;4;1;HIGHSPEED
14/04/2024 13:59;65;110;GO;22;REPSOL;4;1;HIGHSPEED
14/04/2024 14:00;58;110;GO;22;REPSOL;4;1;HIGHSPEED
14/04/2024 14:00;56;110;GO;22;REPSOL;4;1;HIGHSPEED
14/04/2024 14:00;42;106;GO;22;REPSOL;4;1;CITY
14/04/2024 14:00;27;106;GO;22;REPSOL;4;1;CITY
14/04/2024 14:00;14;106;GO;22;REPSOL;4;1;CITY
14/04/2024 14:01;14;106;GO;22;REPSOL;4;1;CITY
14/04/2024 14:01;2;106;GO;22;REPSOL;4;1;CITY
14/04/2024 14:01;0;105;GO;22;REPSOL;4;1;CITY
14/04/2024 15:19;0;105;RETURN;23;REPSOL;4;2;CITY
14/04/2024 15:19;4;105;RETURN;23;REPSOL;4;2;CITY
14/04/2024 15:19;12;105;RETURN;23;REPSOL;4;2;CITY
14/04/2024 15:20;8;105;RETURN;23;REPSOL;4;2;CITY
14/04/2024 15:20;6;105;RETURN;23;REPSOL;4;2;CITY
14/04/2024 15:20;7;105;RETURN;23;REPSOL;4;2;CITY
14/04/2024 15:20;26;105;RETURN;23;REPSOL;4;2;CITY
14/04/2024 15:21;39;106;RETURN;23;REPSOL;4;2;CITY
14/04/2024 15:21;43;106;RETURN;23;REPSOL;4;2;CITY
14/04/2024 15:21;44;106;RETURN;23;REPSOL;4;2;CITY
14/04/2024 15:21;39;106;RETURN;23;REPSOL;4;2;CITY
14/04/2024 15:21;35;106;RETURN;23;REPSOL;4;2;CITY
14/04/2024 15:22;29;110;RETURN;23;REPSOL;4;2;CITY
14/04/2024 15:22;16;110;RETURN;23;REPSOL;4;2;CITY
14/04/2024 15:22;24;110;RETURN;23;REPSOL;4;2;CITY
14/04/2024 15:22;17;110;RETURN;23;REPSOL;4;2;CITY
14/04/2024 15:22;25;110;RETURN;23;REPSOL;4;2;CITY
14/04/2024 15:23;23;110;RETURN;23;REPSOL;4;2;CITY
14/04/2024 15:23;20;110;RETURN;23;REPSOL;4;2;CITY
14/04/2024 15:23;15;110;RETURN;23;REPSOL;4;2;CITY
14/04/2024 15:23;23;110;RETURN;23;REPSOL;4;2;CITY
14/04/2024 15:24;31;106;RETURN;23;REPSOL;4;2;CITY
14/04/2024 15:24;27;106;RETURN;23;REPSOL;4;2;CITY
14/04/2024 15:24;25;104;RETURN;23;REPSOL;4;2;CITY
14/04/2024 15:24;25;104;RETURN;23;REPSOL;4;2;CITY
14/04/2024 15:24;21;104;RETURN;23;REPSOL;4;2;CITY
14/04/2024 15:25;16;104;RETURN;23;REPSOL;4;2;CITY
14/04/2024 15:25;18;104;RETURN;23;REPSOL;4;2;CITY
14/04/2024 15:25;20;104;RETURN;23;REPSOL;4;2;CITY
14/04/2024 15:25;20;104;RETURN;23;REPSOL;4;2;CITY
14/04/2024 15:26;21;104;RETURN;23;REPSOL;4;2;CITY
14/04/2024 15:26;17;104;RETURN;23;REPSOL;4;2;CITY
14/04/2024 15:26;19;99;RETURN;23;REPSOL;4;2;CITY
14/04/2024 15:26;21;94;RETURN;23;REPSOL;4;2;CITY
14/04/2024 15:26;21;94;RETURN;23;REPSOL;4;2;CITY
14/04/2024 15:27;17;94;RETURN;23;REPSOL;4;2;CITY
14/04/2024 15:27;10;94;RETURN;23;REPSOL;4;2;CITY
14/04/2024 15:27;7;94;RETURN;23;REPSOL;4;2;CITY
14/04/2024 15:27;13;94;RETURN;23;REPSOL;4;2;CITY
14/04/2024 15:27;13;94;RETURN;23;REPSOL;4;2;CITY
14/04/2024 15:28;13;94;RETURN;23;REPSOL;4;2;CITY
14/04/2024 15:28;10;94;RETURN;23;REPSOL;4;2;CITY
14/04/2024 15:28;12;98;RETURN;23;REPSOL;4;2;CITY
14/04/2024 15:28;11;104;RETURN;23;REPSOL;4;2;CITY
14/04/2024 15:29;3;104;RETURN;23;REPSOL;4;2;CITY
14/04/2024 15:29;12;104;RETURN;23;REPSOL;4;2;CITY
14/04/2024 15:29;16;104;RETURN;23;REPSOL;4;2;CITY
14/04/2024 15:29;15;104;RETURN;23;REPSOL;4;2;CITY
14/04/2024 15:29;10;104;RETURN;23;REPSOL;4;2;CITY
14/04/2024 15:30;15;104;RETURN;23;REPSOL;4;2;CITY
14/04/2024 15:30;15;104;RETURN;23;REPSOL;4;2;CITY
14/04/2024 15:30;11;113;RETURN;23;REPSOL;4;2;CITY
14/04/2024 15:30;6;113;RETURN;23;REPSOL;4;2;CITY
14/04/2024 15:30;5;113;RETURN;23;REPSOL;4;2;CITY
14/04/2024 15:31;12;113;RETURN;23;REPSOL;4;2;CITY
14/04/2024 15:31;13;113;RETURN;23;REPSOL;4;2;CITY
14/04/2024 15:31;13;113;RETURN;23;REPSOL;4;2;CITY
14/04/2024 15:31;14;113;RETURN;23;REPSOL;4;2;CITY
14/04/2024 15:32;6;113;RETURN;23;REPSOL;4;2;CITY
14/04/2024 15:32;3;113;RETURN;23;REPSOL;4;2;CITY
14/04/2024 15:32;0;105;RETURN;23;REPSOL;4;2;CITY
14/04/2024 16:06;0;105;RETURN;23;REPSOL;2;2;CITY
14/04/2024 16:07;4;105;RETURN;23;REPSOL;2;2;CITY
14/04/2024 16:07;8;105;RETURN;23;REPSOL;2;2;CITY
14/04/2024 16:08;3;106;RETURN;23;REPSOL;2;2;CITY
14/04/2024 16:08;3;106;RETURN;23;REPSOL;2;2;CITY
14/04/2024 16:09;15;106;RETURN;23;REPSOL;2;2;CITY
14/04/2024 16:09;24;106;RETURN;23;REPSOL;2;2;CITY
14/04/2024 16:10;7;106;RETURN;23;REPSOL;2;2;CITY
14/04/2024 16:10;14;106;RETURN;23;REPSOL;2;2;CITY
14/04/2024 16:11;28;106;RETURN;23;REPSOL;2;2;CITY
14/04/2024 16:12;25;106;RETURN;23;REPSOL;2;2;CITY
14/04/2024 16:12;27;106;RETURN;23;REPSOL;2;2;CITY
14/04/2024 16:13;32;87;RETURN;23;REPSOL;2;2;CITY
14/04/2024 16:13;46;99;RETURN;23;REPSOL;2;2;CITY
14/04/2024 16:14;46;99;RETURN;23;REPSOL;2;2;CITY
14/04/2024 16:14;64;69;RETURN;23;REPSOL;2;2;HIGHSPEED
14/04/2024 16:15;88;87;RETURN;23;REPSOL;2;2;HIGHSPEED
14/04/2024 16:15;99;87;RETURN;23;REPSOL;2;2;HIGHSPEED
14/04/2024 16:16;87;78;RETURN;23;REPSOL;2;2;HIGHSPEED
14/04/2024 16:17;85;78;RETURN;23;REPSOL;2;2;HIGHSPEED
14/04/2024 16:17;82;78;RETURN;23;REPSOL;2;2;HIGHSPEED
14/04/2024 16:18;80;78;RETURN;23;REPSOL;2;2;HIGHSPEED
14/04/2024 16:18;81;21;RETURN;23;REPSOL;2;2;HIGHSPEED
14/04/2024 16:19;91;59;RETURN;23;REPSOL;2;2;HIGHSPEED
14/04/2024 16:19;84;59;RETURN;23;REPSOL;2;2;HIGHSPEED
14/04/2024 16:20;79;23;RETURN;23;REPSOL;2;2;HIGHSPEED
14/04/2024 16:21;67;50;RETURN;23;REPSOL;2;2;HIGHSPEED
14/04/2024 16:21;34;38;RETURN;23;REPSOL;2;2;CITY
14/04/2024 16:22;38;30;RETURN;23;REPSOL;2;2;CITY
14/04/2024 16:22;32;36;RETURN;23;REPSOL;2;2;CITY
14/04/2024 16:23;33;25;RETURN;23;REPSOL;2;2;CITY
14/04/2024 16:23;24;25;RETURN;23;REPSOL;2;2;CITY
14/04/2024 16:24;27;45;RETURN;23;REPSOL;2;2;CITY
14/04/2024 16:24;29;30;RETURN;23;REPSOL;2;2;CITY
14/04/2024 16:25;34;30;RETURN;23;REPSOL;2;2;CITY
14/04/2024 16:26;30;30;RETURN;23;REPSOL;2;2;CITY
14/04/2024 16:26;29;30;RETURN;23;REPSOL;2;2;CITY
14/04/2024 16:27;31;61;RETURN;23;REPSOL;2;2;CITY
14/04/2024 16:27;26;40;RETURN;23;REPSOL;2;2;CITY
14/04/2024 16:28;45;91;RETURN;23;REPSOL;2;2;CITY
14/04/2024 16:28;75;57;RETURN;23;REPSOL;2;2;HIGHSPEED
14/04/2024 16:29;99;125;RETURN;23;REPSOL;2;2;HIGHSPEED
14/04/2024 16:29;115;70;RETURN;23;REPSOL;2;2;HIGHSPEED
14/04/2024 16:30;120;70;RETURN;23;REPSOL;2;2;HIGHSPEED
14/04/2024 16:31;95;78;RETURN;23;REPSOL;2;2;HIGHSPEED
14/04/2024 16:31;97;78;RETURN;23;REPSOL;2;2;HIGHSPEED
14/04/2024 16:32;95;15;RETURN;23;REPSOL;2;2;HIGHSPEED
14/04/2024 16:32;88;72;RETURN;23;REPSOL;2;2;HIGHSPEED
14/04/2024 16:33;83;72;RETURN;23;REPSOL;2;2;HIGHSPEED
14/04/2024 16:33;73;72;RETURN;23;REPSOL;2;2;HIGHSPEED
14/04/2024 16:34;34;72;RETURN;23;REPSOL;2;2;HIGHSPEED
14/04/2024 16:34;32;72;RETURN;23;REPSOL;2;2;HIGHSPEED
14/04/2024 16:35;45;75;RETURN;23;REPSOL;2;2;HIGHSPEED
14/04/2024 16:36;61;75;RETURN;23;REPSOL;2;2;HIGHSPEED
14/04/2024 16:36;74;70;RETURN;23;REPSOL;2;2;HIGHSPEED
14/04/2024 16:37;102;70;RETURN;23;REPSOL;2;2;HIGHSPEED
14/04/2024 16:37;115;42;RETURN;23;REPSOL;2;2;HIGHSPEED
14/04/2024 16:38;123;10;RETURN;23;REPSOL;2;2;HIGHSPEED
14/04/2024 16:38;108;12;RETURN;23;REPSOL;2;2;HIGHSPEED
14/04/2024 16:39;104;12;RETURN;23;REPSOL;2;2;HIGHSPEED
14/04/2024 16:39;112;12;RETURN;23;REPSOL;2;2;HIGHSPEED
14/04/2024 16:40;99;10;RETURN;23;REPSOL;2;2;HIGHSPEED
14/04/2024 16:41;96;10;RETURN;23;REPSOL;2;2;HIGHSPEED
14/04/2024 16:41;92;10;RETURN;23;REPSOL;2;2;HIGHSPEED
14/04/2024 16:42;80;10;RETURN;23;REPSOL;2;2;HIGHSPEED
14/04/2024 16:42;95;10;RETURN;23;REPSOL;2;2;HIGHSPEED
14/04/2024 16:43;91;10;RETURN;23;REPSOL;2;2;HIGHSPEED
14/04/2024 16:43;86;10;RETURN;23;REPSOL;2;2;HIGHSPEED
14/04/2024 16:44;88;10;RETURN;23;REPSOL;2;2;HIGHSPEED
14/04/2024 16:44;109;6;RETURN;23;REPSOL;2;2;HIGHSPEED
14/04/2024 16:45;94;8;RETURN;23;REPSOL;2;2;HIGHSPEED
14/04/2024 16:46;83;5;RETURN;23;REPSOL;2;2;HIGHSPEED
14/04/2024 16:46;93;6;RETURN;23;REPSOL;2;2;HIGHSPEED
14/04/2024 16:47;74;2;RETURN;23;REPSOL;2;2;HIGHSPEED
14/04/2024 16:47;87;4;RETURN;23;REPSOL;2;2;HIGHSPEED
14/04/2024 16:48;78;4;RETURN;23;REPSOL;2;2;HIGHSPEED
14/04/2024 16:48;80;7;RETURN;23;REPSOL;2;2;HIGHSPEED
14/04/2024 16:49;61;5;RETURN;23;REPSOL;2;2;HIGHSPEED
14/04/2024 16:50;74;5;RETURN;23;REPSOL;2;2;HIGHSPEED
14/04/2024 16:50;76;5;RETURN;23;REPSOL;2;2;HIGHSPEED
14/04/2024 16:51;40;18;RETURN;23;REPSOL;2;2;CITY
14/04/2024 16:51;23;8;RETURN;23;REPSOL;2;2;CITY
14/04/2024 16:52;24;8;RETURN;23;REPSOL;2;2;CITY
14/04/2024 16:52;10;8;RETURN;23;REPSOL;2;2;CITY
14/04/2024 16:53;0;19;RETURN;23;REPSOL;2;2;CITY
14/04/2024 16:53;21;10;RETURN;23;REPSOL;2;2;CITY
14/04/2024 16:54;3;27;RETURN;23;REPSOL;2;2;CITY
14/04/2024 16:55;20;15;RETURN;23;REPSOL;2;2;CITY
14/04/2024 16:55;35;18;RETURN;23;REPSOL;2;2;CITY
14/04/2024 16:56;25;18;RETURN;23;REPSOL;2;2;CITY
14/04/2024 16:56;26;18;RETURN;23;REPSOL;2;2;CITY
14/04/2024 16:57;0;21;RETURN;23;REPSOL;2;2;CITY
14/04/2024 16:57;8;21;RETURN;23;REPSOL;2;2;CITY
14/04/2024 16:58;9;21;RETURN;23;REPSOL;2;2;CITY
14/04/2024 16:58;7;21;RETURN;23;REPSOL;2;2;CITY
14/04/2024 16:59;0;33;RETURN;23;REPSOL;2;2;CITY
19/04/2024 16:04;0;33;GO;23;REPSOL;1;1;CITY
19/04/2024 16:04;6;28;GO;23;REPSOL;1;1;CITY
19/04/2024 16:04;8;28;GO;23;REPSOL;1;1;CITY
19/04/2024 16:05;18;31;GO;23;REPSOL;1;1;CITY
19/04/2024 16:05;13;31;GO;23;REPSOL;1;1;CITY
19/04/2024 16:05;10;33;GO;23;REPSOL;1;1;CITY
19/04/2024 16:05;5;33;GO;23;REPSOL;1;1;CITY
19/04/2024 16:05;0;29;GO;23;REPSOL;1;1;CITY
19/04/2024 16:06;3;32;GO;23;REPSOL;1;1;CITY
19/04/2024 16:06;15;32;GO;23;REPSOL;1;1;CITY
19/04/2024 16:06;22;32;GO;23;REPSOL;1;1;CITY
19/04/2024 16:06;21;32;GO;23;REPSOL;1;1;CITY
19/04/2024 16:06;14;32;GO;23;REPSOL;1;1;CITY
19/04/2024 16:07;6;32;GO;23;REPSOL;1;1;CITY
19/04/2024 16:07;2;31;GO;23;REPSOL;1;1;CITY
19/04/2024 16:07;15;29;GO;23;REPSOL;1;1;CITY
19/04/2024 16:07;32;29;GO;23;REPSOL;1;1;CITY
19/04/2024 16:07;35;29;GO;23;REPSOL;1;1;CITY
19/04/2024 16:08;40;29;GO;23;REPSOL;1;1;CITY
19/04/2024 16:08;48;29;GO;23;REPSOL;1;1;CITY
19/04/2024 16:08;38;29;GO;23;REPSOL;1;1;CITY
19/04/2024 16:08;27;29;GO;23;REPSOL;1;1;CITY
19/04/2024 16:08;20;30;GO;23;REPSOL;1;1;CITY
19/04/2024 16:09;3;30;GO;23;REPSOL;1;1;CITY
19/04/2024 16:09;10;30;GO;23;REPSOL;1;1;CITY
19/04/2024 16:09;22;30;GO;23;REPSOL;1;1;CITY
19/04/2024 16:09;18;30;GO;23;REPSOL;1;1;CITY
19/04/2024 16:09;6;30;GO;23;REPSOL;1;1;CITY
19/04/2024 16:10;5;30;GO;23;REPSOL;1;1;CITY
19/04/2024 16:10;0;30;GO;23;REPSOL;1;1;CITY
19/04/2024 16:10;9;30;GO;23;REPSOL;1;1;CITY
19/04/2024 16:10;24;30;GO;23;REPSOL;1;1;CITY
19/04/2024 16:10;22;30;GO;23;REPSOL;1;1;CITY
19/04/2024 16:11;15;30;GO;23;REPSOL;1;1;CITY
19/04/2024 16:11;0;30;GO;23;REPSOL;1;1;CITY
19/04/2024 16:11;7;30;GO;23;REPSOL;1;1;CITY
19/04/2024 16:11;21;30;GO;23;REPSOL;1;1;CITY
19/04/2024 16:12;6;30;GO;23;REPSOL;1;1;CITY
19/04/2024 16:12;0;30;GO;23;REPSOL;1;1;CITY
19/04/2024 16:12;5;30;GO;23;REPSOL;1;1;CITY
19/04/2024 16:12;18;30;GO;23;REPSOL;1;1;CITY
19/04/2024 16:12;5;30;GO;23;REPSOL;1;1;CITY
19/04/2024 16:13;11;30;GO;23;REPSOL;1;1;CITY
19/04/2024 16:13;17;30;GO;23;REPSOL;1;1;CITY
19/04/2024 16:13;11;30;GO;23;REPSOL;1;1;CITY
19/04/2024 16:13;0;29;GO;23;REPSOL;1;1;CITY
19/04/2024 16:13;6;29;GO;23;REPSOL;1;1;CITY
19/04/2024 16:14;20;29;GO;23;REPSOL;1;1;CITY
19/04/2024 16:14;23;29;GO;23;REPSOL;1;1;CITY
19/04/2024 16:14;19;29;GO;23;REPSOL;1;1;CITY
19/04/2024 16:14;2;29;GO;23;REPSOL;1;1;CITY
19/04/2024 16:14;0;29;GO;23;REPSOL;1;1;CITY
19/04/2024 16:15;4;29;GO;23;REPSOL;1;1;CITY
19/04/2024 16:15;19;29;GO;23;REPSOL;1;1;CITY
19/04/2024 16:15;33;29;GO;23;REPSOL;1;1;CITY
19/04/2024 16:15;36;29;GO;23;REPSOL;1;1;CITY
19/04/2024 16:15;41;29;GO;23;REPSOL;1;1;CITY
19/04/2024 16:16;38;29;GO;23;REPSOL;1;1;CITY
19/04/2024 16:16;31;29;GO;23;REPSOL;1;1;CITY
19/04/2024 16:16;15;29;GO;23;REPSOL;1;1;CITY
19/04/2024 16:16;0;29;GO;23;REPSOL;1;1;CITY
19/04/2024 16:16;10;29;GO;23;REPSOL;1;1;CITY
19/04/2024 16:17;21;29;GO;23;REPSOL;1;1;CITY
19/04/2024 16:17;24;29;GO;23;REPSOL;1;1;CITY
19/04/2024 16:17;16;29;GO;23;REPSOL;1;1;CITY
19/04/2024 16:17;24;29;GO;23;REPSOL;1;1;CITY
19/04/2024 16:17;20;29;GO;23;REPSOL;1;1;CITY
19/04/2024 16:18;13;29;GO;23;REPSOL;1;1;CITY
19/04/2024 16:18;6;29;GO;23;REPSOL;1;1;CITY
19/04/2024 16:18;0;30;GO;23;REPSOL;1;1;CITY
19/04/2024 16:50;0;30;RETURN;23;REPSOL;1;2;CITY
19/04/2024 16:50;15;30;RETURN;23;REPSOL;1;2;CITY
19/04/2024 16:50;20;30;RETURN;23;REPSOL;1;2;CITY
19/04/2024 16:50;13;30;RETURN;23;REPSOL;1;2;CITY
19/04/2024 16:50;22;30;RETURN;23;REPSOL;1;2;CITY
19/04/2024 16:51;24;30;RETURN;23;REPSOL;1;2;CITY
19/04/2024 16:51;21;30;RETURN;23;REPSOL;1;2;CITY
19/04/2024 16:51;10;30;RETURN;23;REPSOL;1;2;CITY
19/04/2024 16:51;5;30;RETURN;23;REPSOL;1;2;CITY
19/04/2024 16:51;5;30;RETURN;23;REPSOL;1;2;CITY
19/04/2024 16:51;5;29;RETURN;23;REPSOL;1;2;CITY
19/04/2024 16:51;0;30;RETURN;23;REPSOL;1;2;CITY
19/04/2024 16:52;9;30;RETURN;23;REPSOL;1;2;CITY
19/04/2024 16:52;26;30;RETURN;23;REPSOL;1;2;CITY
19/04/2024 16:52;33;30;RETURN;23;REPSOL;1;2;CITY
19/04/2024 16:52;26;29;RETURN;23;REPSOL;1;2;CITY
19/04/2024 16:52;38;29;RETURN;23;REPSOL;1;2;CITY
19/04/2024 16:52;36;29;RETURN;23;REPSOL;1;2;CITY
19/04/2024 16:52;43;29;RETURN;23;REPSOL;1;2;CITY
19/04/2024 16:52;37;29;RETURN;23;REPSOL;1;2;CITY
19/04/2024 16:52;35;29;RETURN;23;REPSOL;1;2;CITY
19/04/2024 16:53;33;29;RETURN;23;REPSOL;1;2;CITY
19/04/2024 16:53;29;29;RETURN;23;REPSOL;1;2;CITY
19/04/2024 16:53;30;30;RETURN;23;REPSOL;1;2;CITY
19/04/2024 16:53;28;30;RETURN;23;REPSOL;1;2;CITY
19/04/2024 16:53;28;30;RETURN;23;REPSOL;1;2;CITY
19/04/2024 16:53;28;30;RETURN;23;REPSOL;1;2;CITY
19/04/2024 16:53;17;30;RETURN;23;REPSOL;1;2;CITY
19/04/2024 16:54;0;30;RETURN;23;REPSOL;1;2;CITY
19/04/2024 16:54;4;30;RETURN;23;REPSOL;1;2;CITY
19/04/2024 16:54;15;30;RETURN;23;REPSOL;1;2;CITY
19/04/2024 16:54;22;30;RETURN;23;REPSOL;1;2;CITY
19/04/2024 16:54;27;30;RETURN;23;REPSOL;1;2;CITY
19/04/2024 16:54;41;30;RETURN;23;REPSOL;1;2;CITY
19/04/2024 16:54;36;30;RETURN;23;REPSOL;1;2;CITY
19/04/2024 16:54;30;30;RETURN;23;REPSOL;1;2;CITY
19/04/2024 16:54;25;30;RETURN;23;REPSOL;1;2;CITY
19/04/2024 16:55;21;30;RETURN;23;REPSOL;1;2;CITY
19/04/2024 16:55;15;30;RETURN;23;REPSOL;1;2;CITY
19/04/2024 16:55;7;30;RETURN;23;REPSOL;1;2;CITY
19/04/2024 16:55;0;30;RETURN;23;REPSOL;1;2;CITY
19/04/2024 16:55;12;29;RETURN;23;REPSOL;1;2;CITY
19/04/2024 16:55;23;29;RETURN;23;REPSOL;1;2;CITY
19/04/2024 16:55;26;29;RETURN;23;REPSOL;1;2;CITY
19/04/2024 16:56;30;29;RETURN;23;REPSOL;1;2;CITY
19/04/2024 16:56;32;29;RETURN;23;REPSOL;1;2;CITY
19/04/2024 16:56;25;29;RETURN;23;REPSOL;1;2;CITY
19/04/2024 16:56;17;29;RETURN;23;REPSOL;1;2;CITY
19/04/2024 16:56;12;29;RETURN;23;REPSOL;1;2;CITY
19/04/2024 16:56;6;29;RETURN;23;REPSOL;1;2;CITY
19/04/2024 16:56;0;29;RETURN;23;REPSOL;1;2;CITY
19/04/2024 16:56;16;29;RETURN;23;REPSOL;1;2;CITY
19/04/2024 16:56;77;29;RETURN;23;REPSOL;1;2;CITY
19/04/2024 16:57;12;29;RETURN;23;REPSOL;1;2;CITY
19/04/2024 16:57;3;29;RETURN;23;REPSOL;1;2;CITY
19/04/2024 16:57;2;29;RETURN;23;REPSOL;1;2;CITY
19/04/2024 16:57;0;33;RETURN;23;REPSOL;1;2;CITY
20/04/2024 9:28;0;33;GO;20;REPSOL;2;1;CITY
20/04/2024 9:29;15;33;GO;20;REPSOL;2;1;CITY
20/04/2024 9:29;13;33;GO;20;REPSOL;2;1;CITY
20/04/2024 9:30;20;33;GO;20;REPSOL;2;1;CITY
20/04/2024 9:31;0;33;GO;20;REPSOL;2;1;CITY
20/04/2024 9:31;9;27;GO;20;REPSOL;2;1;CITY
20/04/2024 9:32;12;30;GO;20;REPSOL;2;1;CITY
20/04/2024 9:33;27;27;GO;20;REPSOL;2;1;CITY
20/04/2024 9:33;23;27;GO;20;REPSOL;2;1;CITY
20/04/2024 9:34;0;27;GO;20;REPSOL;2;1;CITY
20/04/2024 9:35;29;27;GO;20;REPSOL;2;1;CITY
20/04/2024 9:35;35;27;GO;20;REPSOL;2;1;CITY
20/04/2024 9:36;38;30;GO;20;REPSOL;2;1;CITY
20/04/2024 9:37;0;20;GO;20;REPSOL;2;1;CITY
20/04/2024 9:37;37;20;GO;20;REPSOL;2;1;CITY
20/04/2024 9:38;0;20;GO;20;REPSOL;2;1;CITY
20/04/2024 9:39;54;20;GO;20;REPSOL;2;1;CITY
20/04/2024 9:39;34;20;GO;20;REPSOL;2;1;CITY
20/04/2024 9:40;18;20;GO;20;REPSOL;2;1;CITY
20/04/2024 9:41;0;20;GO;20;REPSOL;2;1;CITY
20/04/2024 9:41;42;23;GO;20;REPSOL;2;1;CITY
20/04/2024 9:42;47;23;GO;20;REPSOL;2;1;CITY
20/04/2024 9:43;51;19;GO;20;REPSOL;2;1;HIGHSPEED
20/04/2024 9:43;84;19;GO;20;REPSOL;2;1;HIGHSPEED
20/04/2024 9:44;97;2;GO;20;REPSOL;2;1;HIGHSPEED
20/04/2024 9:44;108;10;GO;20;REPSOL;2;1;HIGHSPEED
20/04/2024 9:45;94;5;GO;20;REPSOL;2;1;HIGHSPEED
20/04/2024 9:46;101;9;GO;20;REPSOL;2;1;HIGHSPEED
20/04/2024 9:46;93;9;GO;20;REPSOL;2;1;HIGHSPEED
20/04/2024 9:47;88;4;GO;20;REPSOL;2;1;HIGHSPEED
20/04/2024 9:48;80;4;GO;20;REPSOL;2;1;HIGHSPEED
20/04/2024 9:48;102;5;GO;20;REPSOL;2;1;HIGHSPEED
20/04/2024 9:49;102;5;GO;20;REPSOL;2;1;HIGHSPEED
20/04/2024 9:50;104;5;GO;20;REPSOL;2;1;HIGHSPEED
20/04/2024 9:50;94;5;GO;20;REPSOL;2;1;HIGHSPEED
20/04/2024 9:51;82;5;GO;20;REPSOL;2;1;HIGHSPEED
20/04/2024 9:52;86;5;GO;20;REPSOL;2;1;HIGHSPEED
20/04/2024 9:52;116;5;GO;20;REPSOL;2;1;HIGHSPEED
20/04/2024 9:53;81;5;GO;20;REPSOL;2;1;HIGHSPEED
20/04/2024 9:54;108;5;GO;20;REPSOL;2;1;HIGHSPEED
20/04/2024 9:54;99;5;GO;20;REPSOL;2;1;HIGHSPEED
20/04/2024 9:55;91;5;GO;20;REPSOL;2;1;HIGHSPEED
20/04/2024 9:56;85;6;GO;20;REPSOL;2;1;HIGHSPEED
20/04/2024 9:56;130;6;GO;20;REPSOL;2;1;HIGHSPEED
20/04/2024 9:57;97;6;GO;20;REPSOL;2;1;HIGHSPEED
20/04/2024 9:58;92;15;GO;20;REPSOL;2;1;HIGHSPEED
20/04/2024 9:58;104;10;GO;20;REPSOL;2;1;HIGHSPEED
20/04/2024 9:59;96;10;GO;20;REPSOL;2;1;HIGHSPEED
20/04/2024 10:00;94;10;GO;20;REPSOL;2;1;HIGHSPEED
20/04/2024 10:00;84;20;GO;20;REPSOL;2;1;HIGHSPEED
20/04/2024 10:01;68;18;GO;20;REPSOL;2;1;HIGHSPEED
20/04/2024 10:02;88;18;GO;20;REPSOL;2;1;HIGHSPEED
20/04/2024 10:02;100;20;GO;20;REPSOL;2;1;HIGHSPEED
20/04/2024 10:03;98;45;GO;20;REPSOL;2;1;HIGHSPEED
20/04/2024 10:04;88;32;GO;20;REPSOL;2;1;HIGHSPEED
20/04/2024 10:04;91;32;GO;20;REPSOL;2;1;HIGHSPEED
20/04/2024 10:05;100;45;GO;20;REPSOL;2;1;HIGHSPEED
20/04/2024 10:06;84;45;GO;20;REPSOL;2;1;HIGHSPEED
20/04/2024 10:06;71;45;GO;20;REPSOL;2;1;HIGHSPEED
20/04/2024 10:07;55;45;GO;20;REPSOL;2;1;HIGHSPEED
20/04/2024 10:08;48;70;GO;20;REPSOL;2;1;CITY
20/04/2024 10:08;24;70;GO;20;REPSOL;2;1;CITY
20/04/2024 10:09;23;125;GO;20;REPSOL;2;1;CITY
20/04/2024 10:10;27;98;GO;20;REPSOL;2;1;CITY
20/04/2024 10:10;28;91;GO;20;REPSOL;2;1;CITY
20/04/2024 10:11;27;95;GO;20;REPSOL;2;1;CITY
20/04/2024 10:12;26;61;GO;20;REPSOL;2;1;CITY
20/04/2024 10:12;23;92;GO;20;REPSOL;2;1;CITY
20/04/2024 10:13;15;30;GO;20;REPSOL;2;1;CITY
20/04/2024 10:13;7;61;GO;20;REPSOL;2;1;CITY
20/04/2024 10:14;23;61;GO;20;REPSOL;2;1;CITY
20/04/2024 10:15;64;23;GO;20;REPSOL;2;1;HIGHSPEED
20/04/2024 10:15;76;38;GO;20;REPSOL;2;1;HIGHSPEED
20/04/2024 10:16;84;26;GO;20;REPSOL;2;1;HIGHSPEED
20/04/2024 10:17;76;21;GO;20;REPSOL;2;1;HIGHSPEED
20/04/2024 10:17;76;22;GO;20;REPSOL;2;1;HIGHSPEED
20/04/2024 10:18;76;22;GO;20;REPSOL;2;1;HIGHSPEED
20/04/2024 10:19;75;22;GO;20;REPSOL;2;1;HIGHSPEED
20/04/2024 10:19;65;35;GO;20;REPSOL;2;1;HIGHSPEED
20/04/2024 10:20;42;28;GO;20;REPSOL;2;1;CITY
20/04/2024 10:21;26;28;GO;20;REPSOL;2;1;CITY
20/04/2024 10:21;20;35;GO;20;REPSOL;2;1;CITY
20/04/2024 10:22;21;69;GO;20;REPSOL;2;1;CITY
20/04/2024 10:23;22;52;GO;20;REPSOL;2;1;CITY
20/04/2024 10:23;19;52;GO;20;REPSOL;2;1;CITY
20/04/2024 10:24;17;87;GO;20;REPSOL;2;1;CITY
20/04/2024 10:25;16;78;GO;20;REPSOL;2;1;CITY
20/04/2024 10:25;16;78;GO;20;REPSOL;2;1;CITY
20/04/2024 10:26;15;106;GO;20;REPSOL;2;1;CITY
20/04/2024 10:27;15;96;GO;20;REPSOL;2;1;CITY
20/04/2024 10:27;10;96;GO;20;REPSOL;2;1;CITY
20/04/2024 10:28;0;105;GO;20;REPSOL;2;1;CITY
21/04/2024 11:29;0;117;GO;22;REPSOL;4;1;CITY
21/04/2024 11:29;1;109;GO;22;REPSOL;4;1;CITY
21/04/2024 11:30;4;109;GO;22;REPSOL;4;1;CITY
21/04/2024 11:30;1;111;GO;22;REPSOL;4;1;CITY
21/04/2024 11:30;2;111;GO;22;REPSOL;4;1;CITY
21/04/2024 11:30;9;111;GO;22;REPSOL;4;1;CITY
21/04/2024 11:31;7;117;GO;22;REPSOL;4;1;CITY
21/04/2024 11:31;16;105;GO;22;REPSOL;4;1;CITY
21/04/2024 11:31;19;105;GO;22;REPSOL;4;1;CITY
21/04/2024 11:31;15;105;GO;22;REPSOL;4;1;CITY
21/04/2024 11:32;19;105;GO;22;REPSOL;4;1;CITY
21/04/2024 11:32;15;105;GO;22;REPSOL;4;1;CITY
21/04/2024 11:32;11;105;GO;22;REPSOL;4;1;CITY
21/04/2024 11:32;15;105;GO;22;REPSOL;4;1;CITY
21/04/2024 11:33;24;109;GO;22;REPSOL;4;1;CITY
21/04/2024 11:33;31;108;GO;22;REPSOL;4;1;CITY
21/04/2024 11:33;33;96;GO;22;REPSOL;4;1;CITY
21/04/2024 11:34;26;96;GO;22;REPSOL;4;1;CITY
21/04/2024 11:34;19;96;GO;22;REPSOL;4;1;CITY
21/04/2024 11:34;30;96;GO;22;REPSOL;4;1;CITY
21/04/2024 11:34;23;96;GO;22;REPSOL;4;1;CITY
21/04/2024 11:35;19;96;GO;22;REPSOL;4;1;CITY
21/04/2024 11:35;30;96;GO;22;REPSOL;4;1;CITY
21/04/2024 11:35;34;103;GO;22;REPSOL;4;1;CITY
21/04/2024 11:35;39;103;GO;22;REPSOL;4;1;CITY
21/04/2024 11:36;40;103;GO;22;REPSOL;4;1;CITY
21/04/2024 11:36;44;103;GO;22;REPSOL;4;1;CITY
21/04/2024 11:36;46;103;GO;22;REPSOL;4;1;CITY
21/04/2024 11:37;42;103;GO;22;REPSOL;4;1;CITY
21/04/2024 11:37;34;111;GO;22;REPSOL;4;1;CITY
21/04/2024 11:37;45;111;GO;22;REPSOL;4;1;CITY
21/04/2024 11:37;43;111;GO;22;REPSOL;4;1;CITY
21/04/2024 11:38;39;111;GO;22;REPSOL;4;1;CITY
21/04/2024 11:38;41;111;GO;22;REPSOL;4;1;CITY
21/04/2024 11:38;39;111;GO;22;REPSOL;4;1;CITY
21/04/2024 11:38;33;111;GO;22;REPSOL;4;1;CITY
21/04/2024 11:39;43;106;GO;22;REPSOL;4;1;CITY
21/04/2024 11:39;48;107;GO;22;REPSOL;4;1;CITY
21/04/2024 11:39;46;108;GO;22;REPSOL;4;1;CITY
21/04/2024 11:39;32;108;GO;22;REPSOL;4;1;CITY
21/04/2024 11:40;47;109;GO;22;REPSOL;4;1;CITY
21/04/2024 11:40;62;116;GO;22;REPSOL;4;1;CITY
21/04/2024 11:40;59;116;GO;22;REPSOL;4;1;CITY
21/04/2024 11:41;43;116;GO;22;REPSOL;4;1;CITY
21/04/2024 11:41;37;116;GO;22;REPSOL;4;1;CITY
21/04/2024 11:41;35;116;GO;22;REPSOL;4;1;CITY
21/04/2024 11:41;43;116;GO;22;REPSOL;4;1;CITY
21/04/2024 11:42;41;116;GO;22;REPSOL;4;1;CITY
21/04/2024 11:42;31;95;GO;22;REPSOL;4;1;CITY
21/04/2024 11:42;0;95;GO;22;REPSOL;4;1;CITY
21/04/2024 11:42;16;95;GO;22;REPSOL;4;1;CITY
21/04/2024 11:43;26;95;GO;22;REPSOL;4;1;CITY
21/04/2024 11:43;39;95;GO;22;REPSOL;4;1;CITY
21/04/2024 11:43;32;74;GO;22;REPSOL;4;1;CITY
21/04/2024 11:43;41;84;GO;22;REPSOL;4;1;CITY
21/04/2024 11:44;34;74;GO;22;REPSOL;4;1;CITY
21/04/2024 11:44;34;74;GO;22;REPSOL;4;1;CITY
21/04/2024 11:44;49;74;GO;22;REPSOL;4;1;CITY
21/04/2024 11:45;44;74;GO;22;REPSOL;4;1;CITY
21/04/2024 11:45;40;68;GO;22;REPSOL;4;1;CITY
21/04/2024 11:45;46;68;GO;22;REPSOL;4;1;CITY
21/04/2024 11:45;44;68;GO;22;REPSOL;4;1;CITY
21/04/2024 11:46;43;68;GO;22;REPSOL;4;1;CITY
21/04/2024 11:46;39;68;GO;22;REPSOL;4;1;CITY
21/04/2024 11:46;57;68;GO;22;REPSOL;4;1;CITY
21/04/2024 11:46;60;68;GO;22;REPSOL;4;1;CITY
21/04/2024 11:47;45;63;GO;22;REPSOL;4;1;CITY
21/04/2024 11:47;41;63;GO;22;REPSOL;4;1;CITY
21/04/2024 11:47;42;63;GO;22;REPSOL;4;1;CITY
21/04/2024 11:47;32;63;GO;22;REPSOL;4;1;CITY
21/04/2024 11:48;50;63;GO;22;REPSOL;4;1;CITY
21/04/2024 11:48;56;63;GO;22;REPSOL;4;1;CITY
21/04/2024 11:48;45;63;GO;22;REPSOL;4;1;CITY
21/04/2024 11:49;46;62;GO;22;REPSOL;4;1;CITY
21/04/2024 11:49;40;62;GO;22;REPSOL;4;1;CITY
21/04/2024 11:49;39;62;GO;22;REPSOL;4;1;CITY
21/04/2024 11:49;32;62;GO;22;REPSOL;4;1;CITY
21/04/2024 11:50;35;62;GO;22;REPSOL;4;1;CITY
21/04/2024 11:50;36;62;GO;22;REPSOL;4;1;CITY
21/04/2024 11:50;46;62;GO;22;REPSOL;4;1;CITY
21/04/2024 11:50;40;62;GO;22;REPSOL;4;1;CITY
21/04/2024 11:51;44;62;GO;22;REPSOL;4;1;CITY
21/04/2024 11:51;38;62;GO;22;REPSOL;4;1;CITY
21/04/2024 11:51;57;62;GO;22;REPSOL;4;1;CITY
21/04/2024 11:52;58;62;GO;22;REPSOL;4;1;CITY
21/04/2024 11:52;47;62;GO;22;REPSOL;4;1;CITY
21/04/2024 11:52;39;62;GO;22;REPSOL;4;1;CITY
21/04/2024 11:52;41;62;GO;22;REPSOL;4;1;CITY
21/04/2024 11:53;39;60;GO;22;REPSOL;4;1;CITY
21/04/2024 11:53;41;60;GO;22;REPSOL;4;1;CITY
21/04/2024 11:53;39;60;GO;22;REPSOL;4;1;CITY
21/04/2024 11:53;49;60;GO;22;REPSOL;4;1;CITY
21/04/2024 11:54;43;60;GO;22;REPSOL;4;1;CITY
21/04/2024 11:54;44;60;GO;22;REPSOL;4;1;CITY
21/04/2024 11:54;34;60;GO;22;REPSOL;4;1;CITY
21/04/2024 11:54;28;61;GO;22;REPSOL;4;1;CITY
21/04/2024 11:55;16;61;GO;22;REPSOL;4;1;CITY
21/04/2024 11:55;0;55;GO;22;REPSOL;4;1;CITY
21/04/2024 13:00;0;55;RETURN;24;REPSOL;4;2;CITY
21/04/2024 13:00;2;55;RETURN;24;REPSOL;4;2;CITY
21/04/2024 13:01;8;55;RETURN;24;REPSOL;4;2;CITY
21/04/2024 13:01;0;55;RETURN;24;REPSOL;4;2;CITY
21/04/2024 13:02;17;55;RETURN;24;REPSOL;4;2;CITY
21/04/2024 13:02;37;55;RETURN;24;REPSOL;4;2;CITY
21/04/2024 13:02;63;81;RETURN;24;REPSOL;4;2;HIGHSPEED
21/04/2024 13:03;72;81;RETURN;24;REPSOL;4;2;HIGHSPEED
21/04/2024 13:03;83;81;RETURN;24;REPSOL;4;2;HIGHSPEED
21/04/2024 13:04;90;81;RETURN;24;REPSOL;4;2;HIGHSPEED
21/04/2024 13:04;89;81;RETURN;24;REPSOL;4;2;HIGHSPEED
21/04/2024 13:04;107;81;RETURN;24;REPSOL;4;2;HIGHSPEED
21/04/2024 13:05;99;81;RETURN;24;REPSOL;4;2;HIGHSPEED
21/04/2024 13:05;80;128;RETURN;24;REPSOL;4;2;HIGHSPEED
21/04/2024 13:05;85;128;RETURN;24;REPSOL;4;2;HIGHSPEED
21/04/2024 13:06;81;128;RETURN;24;REPSOL;4;2;HIGHSPEED
21/04/2024 13:06;96;128;RETURN;24;REPSOL;4;2;HIGHSPEED
21/04/2024 13:07;95;128;RETURN;24;REPSOL;4;2;HIGHSPEED
21/04/2024 13:07;62;128;RETURN;24;REPSOL;4;2;HIGHSPEED
21/04/2024 13:07;24;128;RETURN;24;REPSOL;4;2;HIGHSPEED
21/04/2024 13:08;34;104;RETURN;24;REPSOL;4;2;HIGHSPEED
21/04/2024 13:08;47;138;RETURN;24;REPSOL;4;2;HIGHSPEED
21/04/2024 13:09;85;138;RETURN;24;REPSOL;4;2;HIGHSPEED
21/04/2024 13:09;94;138;RETURN;24;REPSOL;4;2;HIGHSPEED
21/04/2024 13:09;104;138;RETURN;24;REPSOL;4;2;HIGHSPEED
21/04/2024 13:10;82;138;RETURN;24;REPSOL;4;2;HIGHSPEED
21/04/2024 13:10;88;138;RETURN;24;REPSOL;4;2;HIGHSPEED
21/04/2024 13:11;91;150;RETURN;24;REPSOL;4;2;HIGHSPEED
21/04/2024 13:11;99;150;RETURN;24;REPSOL;4;2;HIGHSPEED
21/04/2024 13:11;100;150;RETURN;24;REPSOL;4;2;HIGHSPEED
21/04/2024 13:12;85;150;RETURN;24;REPSOL;4;2;HIGHSPEED
21/04/2024 13:12;84;150;RETURN;24;REPSOL;4;2;HIGHSPEED
21/04/2024 13:12;69;150;RETURN;24;REPSOL;4;2;HIGHSPEED
21/04/2024 13:13;37;150;RETURN;24;REPSOL;4;2;HIGHSPEED
21/04/2024 13:13;27;144;RETURN;24;REPSOL;4;2;HIGHSPEED
21/04/2024 13:14;50;144;RETURN;24;REPSOL;4;2;HIGHSPEED
21/04/2024 13:14;72;180;RETURN;24;REPSOL;4;2;HIGHSPEED
21/04/2024 13:14;77;180;RETURN;24;REPSOL;4;2;HIGHSPEED
21/04/2024 13:15;91;180;RETURN;24;REPSOL;4;2;HIGHSPEED
21/04/2024 13:15;93;180;RETURN;24;REPSOL;4;2;HIGHSPEED
21/04/2024 13:16;90;180;RETURN;24;REPSOL;4;2;HIGHSPEED
21/04/2024 13:16;83;180;RETURN;24;REPSOL;4;2;HIGHSPEED
21/04/2024 13:16;58;180;RETURN;24;REPSOL;4;2;HIGHSPEED
21/04/2024 13:17;31;168;RETURN;24;REPSOL;4;2;HIGHSPEED
21/04/2024 13:17;68;169;RETURN;24;REPSOL;4;2;HIGHSPEED
21/04/2024 13:18;92;160;RETURN;24;REPSOL;4;2;HIGHSPEED
21/04/2024 13:18;97;160;RETURN;24;REPSOL;4;2;HIGHSPEED
21/04/2024 13:18;96;160;RETURN;24;REPSOL;4;2;HIGHSPEED
21/04/2024 13:19;96;160;RETURN;24;REPSOL;4;2;HIGHSPEED
21/04/2024 13:19;88;160;RETURN;24;REPSOL;4;2;HIGHSPEED
21/04/2024 13:20;92;160;RETURN;24;REPSOL;4;2;HIGHSPEED
21/04/2024 13:20;89;160;RETURN;24;REPSOL;4;2;HIGHSPEED
21/04/2024 13:20;75;168;RETURN;24;REPSOL;4;2;HIGHSPEED
21/04/2024 13:21;70;81;RETURN;24;REPSOL;4;2;HIGHSPEED
21/04/2024 13:21;91;81;RETURN;24;REPSOL;4;2;HIGHSPEED
21/04/2024 13:21;99;81;RETURN;24;REPSOL;4;2;HIGHSPEED
21/04/2024 13:22;85;81;RETURN;24;REPSOL;4;2;HIGHSPEED
21/04/2024 13:22;92;81;RETURN;24;REPSOL;4;2;HIGHSPEED
21/04/2024 13:23;88;81;RETURN;24;REPSOL;4;2;HIGHSPEED
21/04/2024 13:23;93;81;RETURN;24;REPSOL;4;2;HIGHSPEED
21/04/2024 13:23;86;60;RETURN;24;REPSOL;4;2;HIGHSPEED
21/04/2024 13:24;91;60;RETURN;24;REPSOL;4;2;HIGHSPEED
21/04/2024 13:24;95;60;RETURN;24;REPSOL;4;2;HIGHSPEED
21/04/2024 13:25;86;60;RETURN;24;REPSOL;4;2;HIGHSPEED
21/04/2024 13:25;92;60;RETURN;24;REPSOL;4;2;HIGHSPEED
21/04/2024 13:25;65;60;RETURN;24;REPSOL;4;2;HIGHSPEED
21/04/2024 13:26;27;60;RETURN;24;REPSOL;4;2;HIGHSPEED
21/04/2024 13:26;39;41;RETURN;24;REPSOL;4;2;HIGHSPEED
21/04/2024 13:27;70;41;RETURN;24;REPSOL;4;2;HIGHSPEED
21/04/2024 13:27;70;41;RETURN;24;REPSOL;4;2;HIGHSPEED
21/04/2024 13:27;59;41;RETURN;24;REPSOL;4;2;HIGHSPEED
21/04/2024 13:28;39;41;RETURN;24;REPSOL;4;2;CITY
21/04/2024 13:28;21;41;RETURN;24;REPSOL;4;2;CITY
21/04/2024 13:29;37;41;RETURN;24;REPSOL;4;2;CITY
21/04/2024 13:29;36;14;RETURN;24;REPSOL;4;2;CITY
21/04/2024 13:29;17;14;RETURN;24;REPSOL;4;2;CITY
21/04/2024 13:30;32;14;RETURN;24;REPSOL;4;2;CITY
21/04/2024 13:30;19;14;RETURN;24;REPSOL;4;2;CITY
21/04/2024 13:30;25;14;RETURN;24;REPSOL;4;2;CITY
21/04/2024 13:31;17;14;RETURN;24;REPSOL;4;2;CITY
21/04/2024 13:31;36;14;RETURN;24;REPSOL;4;2;CITY
21/04/2024 13:32;57;28;RETURN;24;REPSOL;4;2;HIGHSPEED
21/04/2024 13:32;67;26;RETURN;24;REPSOL;4;2;HIGHSPEED
21/04/2024 13:32;72;5;RETURN;24;REPSOL;4;2;HIGHSPEED
21/04/2024 13:33;47;5;RETURN;24;REPSOL;4;2;CITY
21/04/2024 13:33;35;5;RETURN;24;REPSOL;4;2;CITY
21/04/2024 13:34;22;5;RETURN;24;REPSOL;4;2;CITY
21/04/2024 13:34;12;5;RETURN;24;REPSOL;4;2;CITY
21/04/2024 13:34;30;5;RETURN;24;REPSOL;4;2;CITY
21/04/2024 13:35;4;5;RETURN;24;REPSOL;4;2;CITY
21/04/2024 13:35;20;8;RETURN;24;REPSOL;4;2;CITY
21/04/2024 13:36;34;8;RETURN;24;REPSOL;4;2;CITY
21/04/2024 13:36;30;8;RETURN;24;REPSOL;4;2;CITY
21/04/2024 13:36;6;8;RETURN;24;REPSOL;4;2;CITY
21/04/2024 13:37;25;8;RETURN;24;REPSOL;4;2;CITY
21/04/2024 13:37;29;8;RETURN;24;REPSOL;4;2;CITY
21/04/2024 13:37;38;8;RETURN;24;REPSOL;4;2;CITY
21/04/2024 13:38;34;14;RETURN;24;REPSOL;4;2;CITY
21/04/2024 13:38;8;14;RETURN;24;REPSOL;4;2;CITY
21/04/2024 13:39;0;14;RETURN;24;REPSOL;4;2;CITY
21/04/2024 13:39;16;14;RETURN;24;REPSOL;4;2;CITY
21/04/2024 13:39;28;14;RETURN;24;REPSOL;4;2;CITY
21/04/2024 13:40;20;14;RETURN;24;REPSOL;4;2;CITY
21/04/2024 13:40;18;14;RETURN;24;REPSOL;4;2;CITY
21/04/2024 13:41;3;11;RETURN;24;REPSOL;4;2;CITY
21/04/2024 13:41;0;33;RETURN;24;REPSOL;4;2;CITY
21/04/2024 16:50;0;33;GO;22;REPSOL;1;3;CITY
21/04/2024 16:50;4;33;GO;22;REPSOL;1;3;CITY
21/04/2024 16:50;9;33;GO;22;REPSOL;1;3;CITY
21/04/2024 16:50;0;33;GO;22;REPSOL;1;3;CITY
21/04/2024 16:50;13;33;GO;22;REPSOL;1;3;CITY
21/04/2024 16:51;16;33;GO;22;REPSOL;1;3;CITY
21/04/2024 16:51;21;33;GO;22;REPSOL;1;3;CITY
21/04/2024 16:51;20;34;GO;22;REPSOL;1;3;CITY
21/04/2024 16:51;15;34;GO;22;REPSOL;1;3;CITY
21/04/2024 16:51;16;34;GO;22;REPSOL;1;3;CITY
21/04/2024 16:51;23;34;GO;22;REPSOL;1;3;CITY
21/04/2024 16:51;27;34;GO;22;REPSOL;1;3;CITY
21/04/2024 16:51;34;34;GO;22;REPSOL;1;3;CITY
21/04/2024 16:51;30;25;GO;22;REPSOL;1;3;CITY
21/04/2024 16:51;27;25;GO;22;REPSOL;1;3;CITY
21/04/2024 16:52;22;25;GO;22;REPSOL;1;3;CITY
21/04/2024 16:52;33;25;GO;22;REPSOL;1;3;CITY
21/04/2024 16:52;34;25;GO;22;REPSOL;1;3;CITY
21/04/2024 16:52;35;25;GO;22;REPSOL;1;3;CITY
21/04/2024 16:52;33;22;GO;22;REPSOL;1;3;CITY
21/04/2024 16:52;26;22;GO;22;REPSOL;1;3;CITY
21/04/2024 16:52;16;22;GO;22;REPSOL;1;3;CITY
21/04/2024 16:52;6;22;GO;22;REPSOL;1;3;CITY
21/04/2024 16:52;0;22;GO;22;REPSOL;1;3;CITY
21/04/2024 16:52;6;22;GO;22;REPSOL;1;3;CITY
21/04/2024 16:53;10;22;GO;22;REPSOL;1;3;CITY
21/04/2024 16:53;20;24;GO;22;REPSOL;1;3;CITY
21/04/2024 16:53;26;21;GO;22;REPSOL;1;3;CITY
21/04/2024 16:53;34;21;GO;22;REPSOL;1;3;CITY
21/04/2024 16:53;34;21;GO;22;REPSOL;1;3;CITY
21/04/2024 16:53;35;21;GO;22;REPSOL;1;3;CITY
21/04/2024 16:53;31;21;GO;22;REPSOL;1;3;CITY
21/04/2024 16:53;23;21;GO;22;REPSOL;1;3;CITY
21/04/2024 16:53;20;21;GO;22;REPSOL;1;3;CITY
21/04/2024 16:53;23;21;GO;22;REPSOL;1;3;CITY
21/04/2024 16:54;27;18;GO;22;REPSOL;1;3;CITY
21/04/2024 16:54;29;18;GO;22;REPSOL;1;3;CITY
21/04/2024 16:54;29;18;GO;22;REPSOL;1;3;CITY
21/04/2024 16:54;34;18;GO;22;REPSOL;1;3;CITY
21/04/2024 16:54;35;18;GO;22;REPSOL;1;3;CITY
21/04/2024 16:54;34;18;GO;22;REPSOL;1;3;CITY
21/04/2024 16:54;38;18;GO;22;REPSOL;1;3;CITY
21/04/2024 16:54;34;19;GO;22;REPSOL;1;3;CITY
21/04/2024 16:54;31;14;GO;22;REPSOL;1;3;CITY
21/04/2024 16:54;25;14;GO;22;REPSOL;1;3;CITY
21/04/2024 16:55;33;14;GO;22;REPSOL;1;3;CITY
21/04/2024 16:55;38;14;GO;22;REPSOL;1;3;CITY
21/04/2024 16:55;39;14;GO;22;REPSOL;1;3;CITY
21/04/2024 16:55;33;14;GO;22;REPSOL;1;3;CITY
21/04/2024 16:55;30;7;GO;22;REPSOL;1;3;CITY
21/04/2024 16:55;26;7;GO;22;REPSOL;1;3;CITY
21/04/2024 16:55;32;7;GO;22;REPSOL;1;3;CITY
21/04/2024 16:55;31;7;GO;22;REPSOL;1;3;CITY
21/04/2024 16:55;28;7;GO;22;REPSOL;1;3;CITY
21/04/2024 16:55;26;7;GO;22;REPSOL;1;3;CITY
21/04/2024 16:56;16;7;GO;22;REPSOL;1;3;CITY
21/04/2024 16:56;26;7;GO;22;REPSOL;1;3;CITY
21/04/2024 16:56;28;7;GO;22;REPSOL;1;3;CITY
21/04/2024 16:56;24;7;GO;22;REPSOL;1;3;CITY
21/04/2024 16:56;29;7;GO;22;REPSOL;1;3;CITY
21/04/2024 16:56;31;7;GO;22;REPSOL;1;3;CITY
21/04/2024 16:56;30;7;GO;22;REPSOL;1;3;CITY
21/04/2024 16:56;28;7;GO;22;REPSOL;1;3;CITY
21/04/2024 16:56;24;7;GO;22;REPSOL;1;3;CITY
21/04/2024 16:56;19;7;GO;22;REPSOL;1;3;CITY
21/04/2024 16:57;16;7;GO;22;REPSOL;1;3;CITY
21/04/2024 16:57;14;7;GO;22;REPSOL;1;3;CITY
21/04/2024 16:57;8;7;GO;22;REPSOL;1;3;CITY
21/04/2024 16:57;4;7;GO;22;REPSOL;1;3;CITY
21/04/2024 16:57;0;6;GO;22;REPSOL;1;3;CITY
21/04/2024 16:50;0;33;GO;22;REPSOL;1;1;CITY
21/04/2024 16:50;4;33;GO;22;REPSOL;1;1;CITY
21/04/2024 16:50;9;33;GO;22;REPSOL;1;1;CITY
21/04/2024 16:50;0;33;GO;22;REPSOL;1;1;CITY
21/04/2024 16:50;13;33;GO;22;REPSOL;1;1;CITY
21/04/2024 16:51;16;33;GO;22;REPSOL;1;1;CITY
21/04/2024 16:51;21;33;GO;22;REPSOL;1;1;CITY
21/04/2024 16:51;20;34;GO;22;REPSOL;1;1;CITY
21/04/2024 16:51;15;34;GO;22;REPSOL;1;1;CITY
21/04/2024 16:51;16;34;GO;22;REPSOL;1;1;CITY
21/04/2024 16:51;23;34;GO;22;REPSOL;1;1;CITY
21/04/2024 16:51;27;34;GO;22;REPSOL;1;1;CITY
21/04/2024 16:51;34;34;GO;22;REPSOL;1;1;CITY
21/04/2024 16:51;30;25;GO;22;REPSOL;1;1;CITY
21/04/2024 16:51;27;30;GO;22;REPSOL;1;1;CITY
21/04/2024 16:52;22;30;GO;22;REPSOL;1;1;CITY
21/04/2024 16:52;33;30;GO;22;REPSOL;1;1;CITY
21/04/2024 16:52;34;25;GO;22;REPSOL;1;1;CITY
21/04/2024 16:52;35;25;GO;22;REPSOL;1;1;CITY
21/04/2024 16:52;33;22;GO;22;REPSOL;1;1;CITY
21/04/2024 16:52;26;24;GO;22;REPSOL;1;1;CITY
21/04/2024 16:52;16;24;GO;22;REPSOL;1;1;CITY
21/04/2024 16:52;6;24;GO;22;REPSOL;1;1;CITY
21/04/2024 16:52;0;22;GO;22;REPSOL;1;1;CITY
21/04/2024 16:52;6;22;GO;22;REPSOL;1;1;CITY
21/04/2024 16:53;10;22;GO;22;REPSOL;1;1;CITY
21/04/2024 16:53;20;22;GO;22;REPSOL;1;1;CITY
21/04/2024 16:53;26;21;GO;22;REPSOL;1;1;CITY
21/04/2024 16:53;34;22;GO;22;REPSOL;1;1;CITY
21/04/2024 16:53;34;21;GO;22;REPSOL;1;1;CITY
21/04/2024 16:53;35;21;GO;22;REPSOL;1;1;CITY
21/04/2024 16:53;31;21;GO;22;REPSOL;1;1;CITY
21/04/2024 16:53;23;21;GO;22;REPSOL;1;1;CITY
21/04/2024 16:53;20;21;GO;22;REPSOL;1;1;CITY
21/04/2024 16:53;23;21;GO;22;REPSOL;1;1;CITY
21/04/2024 16:54;27;18;GO;22;REPSOL;1;1;CITY
21/04/2024 16:54;29;20;GO;22;REPSOL;1;1;CITY
21/04/2024 16:54;29;18;GO;22;REPSOL;1;1;CITY
21/04/2024 16:54;34;18;GO;22;REPSOL;1;1;CITY
21/04/2024 16:54;35;18;GO;22;REPSOL;1;1;CITY
21/04/2024 16:54;34;18;GO;22;REPSOL;1;1;CITY
21/04/2024 16:54;38;18;GO;22;REPSOL;1;1;CITY
21/04/2024 16:54;34;18;GO;22;REPSOL;1;1;CITY
21/04/2024 16:54;31;14;GO;22;REPSOL;1;1;CITY
21/04/2024 16:54;25;16;GO;22;REPSOL;1;1;CITY
21/04/2024 16:55;33;14;GO;22;REPSOL;1;1;CITY
21/04/2024 16:55;38;14;GO;22;REPSOL;1;1;CITY
21/04/2024 16:55;39;14;GO;22;REPSOL;1;1;CITY
21/04/2024 16:55;33;14;GO;22;REPSOL;1;1;CITY
21/04/2024 16:55;30;7;GO;22;REPSOL;1;1;CITY
21/04/2024 16:55;26;10;GO;22;REPSOL;1;1;CITY
21/04/2024 16:55;32;10;GO;22;REPSOL;1;1;CITY
21/04/2024 16:55;31;10;GO;22;REPSOL;1;1;CITY
21/04/2024 16:55;28;7;GO;22;REPSOL;1;1;CITY
21/04/2024 16:55;26;7;GO;22;REPSOL;1;1;CITY
21/04/2024 16:56;16;7;GO;22;REPSOL;1;1;CITY
21/04/2024 16:56;26;7;GO;22;REPSOL;1;1;CITY
21/04/2024 16:56;28;7;GO;22;REPSOL;1;1;CITY
21/04/2024 16:56;24;7;GO;22;REPSOL;1;1;CITY
21/04/2024 16:56;29;7;GO;22;REPSOL;1;1;CITY
21/04/2024 16:56;31;7;GO;22;REPSOL;1;1;CITY
21/04/2024 16:56;30;7;GO;22;REPSOL;1;1;CITY
21/04/2024 16:56;28;7;GO;22;REPSOL;1;1;CITY
21/04/2024 16:56;24;7;GO;22;REPSOL;1;1;CITY
21/04/2024 16:56;19;7;GO;22;REPSOL;1;1;CITY
21/04/2024 16:57;16;7;GO;22;REPSOL;1;1;CITY
21/04/2024 16:57;14;7;GO;22;REPSOL;1;1;CITY
21/04/2024 16:57;8;7;GO;22;REPSOL;1;1;CITY
21/04/2024 16:57;4;7;GO;22;REPSOL;1;1;CITY
21/04/2024 16:57;0;6;GO;22;REPSOL;1;1;CITY
21/04/2024 17:01;0;6;RETURN;22;V2;1;1;CITY
21/04/2024 17:01;2;6;RETURN;22;V2;1;1;CITY
21/04/2024 17:01;15;6;RETURN;22;V2;1;1;CITY
21/04/2024 17:02;10;6;RETURN;22;V2;1;1;CITY
21/04/2024 17:02;22;6;RETURN;22;V2;1;1;CITY
21/04/2024 17:02;18;6;RETURN;22;V2;1;1;CITY
21/04/2024 17:02;25;6;RETURN;22;V2;1;1;CITY
21/04/2024 17:02;27;6;RETURN;22;V2;1;1;CITY
21/04/2024 17:02;33;7;RETURN;22;V2;1;1;CITY
21/04/2024 17:03;38;6;RETURN;22;V2;1;1;CITY
21/04/2024 17:03;40;7;RETURN;22;V2;1;1;CITY
21/04/2024 17:03;30;7;RETURN;22;V2;1;1;CITY
21/04/2024 17:03;19;7;RETURN;22;V2;1;1;CITY
21/04/2024 17:03;3;7;RETURN;22;V2;1;1;CITY
21/04/2024 17:03;12;7;RETURN;22;V2;1;1;CITY
21/04/2024 17:04;30;7;RETURN;22;V2;1;1;CITY
21/04/2024 17:04;32;7;RETURN;22;V2;1;1;CITY
21/04/2024 17:04;27;7;RETURN;22;V2;1;1;CITY
21/04/2024 17:04;44;7;RETURN;22;V2;1;1;CITY
21/04/2024 17:04;40;7;RETURN;22;V2;1;1;CITY
21/04/2024 17:04;36;7;RETURN;22;V2;1;1;CITY
21/04/2024 17:05;29;7;RETURN;22;V2;1;1;CITY
21/04/2024 17:05;26;7;RETURN;22;V2;1;1;CITY
21/04/2024 17:05;10;7;RETURN;22;V2;1;1;CITY
21/04/2024 17:05;0;7;RETURN;22;V2;1;1;CITY
21/04/2024 17:05;14;14;RETURN;22;V2;1;1;CITY
21/04/2024 17:05;24;10;RETURN;22;V2;1;1;CITY
21/04/2024 17:06;25;14;RETURN;22;V2;1;1;CITY
21/04/2024 17:06;16;14;RETURN;22;V2;1;1;CITY
21/04/2024 17:06;26;14;RETURN;22;V2;1;1;CITY
21/04/2024 17:06;33;14;RETURN;22;V2;1;1;CITY
21/04/2024 17:06;29;14;RETURN;22;V2;1;1;CITY
21/04/2024 17:07;27;14;RETURN;22;V2;1;1;CITY
21/04/2024 17:07;18;14;RETURN;22;V2;1;1;CITY
21/04/2024 17:07;27;18;RETURN;22;V2;1;1;CITY
21/04/2024 17:07;48;18;RETURN;22;V2;1;1;CITY
21/04/2024 17:07;58;18;RETURN;22;V2;1;1;HIGHSPEED
21/04/2024 17:07;65;18;RETURN;22;V2;1;1;HIGHSPEED
21/04/2024 17:08;70;18;RETURN;22;V2;1;1;HIGHSPEED
21/04/2024 17:08;70;18;RETURN;22;V2;1;1;HIGHSPEED
21/04/2024 17:08;78;18;RETURN;22;V2;1;1;HIGHSPEED
21/04/2024 17:08;67;18;RETURN;22;V2;1;1;HIGHSPEED
21/04/2024 17:08;49;18;RETURN;22;V2;1;1;CITY
21/04/2024 17:08;35;18;RETURN;22;V2;1;1;CITY
21/04/2024 17:09;19;22;RETURN;22;V2;1;1;CITY
21/04/2024 17:09;0;22;RETURN;22;V2;1;1;CITY
21/04/2024 17:09;11;22;RETURN;22;V2;1;1;CITY
21/04/2024 17:09;0;22;RETURN;22;V2;1;1;CITY
21/04/2024 17:09;14;22;RETURN;22;V2;1;1;CITY
21/04/2024 17:09;29;22;RETURN;22;V2;1;1;CITY
21/04/2024 17:10;40;22;RETURN;22;V2;1;1;CITY
21/04/2024 17:10;45;22;RETURN;22;V2;1;1;CITY
21/04/2024 17:10;35;22;RETURN;22;V2;1;1;CITY
21/04/2024 17:10;31;22;RETURN;22;V2;1;1;CITY
21/04/2024 17:10;18;22;RETURN;22;V2;1;1;CITY
21/04/2024 17:11;7;25;RETURN;22;V2;1;1;CITY
21/04/2024 17:11;0;25;RETURN;22;V2;1;1;CITY
21/04/2024 17:11;17;25;RETURN;22;V2;1;1;CITY
21/04/2024 17:11;33;25;RETURN;22;V2;1;1;CITY
21/04/2024 17:11;43;25;RETURN;22;V2;1;1;CITY
21/04/2024 17:11;41;25;RETURN;22;V2;1;1;CITY
21/04/2024 17:12;36;25;RETURN;22;V2;1;1;CITY
21/04/2024 17:12;33;25;RETURN;22;V2;1;1;CITY
21/04/2024 17:12;29;25;RETURN;22;V2;1;1;CITY
21/04/2024 17:12;20;25;RETURN;22;V2;1;1;CITY
21/04/2024 17:12;4;25;RETURN;22;V2;1;1;CITY
21/04/2024 17:12;0;25;RETURN;22;V2;1;1;CITY
21/04/2024 17:13;8;25;RETURN;22;V2;1;1;CITY
21/04/2024 17:13;17;25;RETURN;22;V2;1;1;CITY
21/04/2024 17:13;25;25;RETURN;22;V2;1;1;CITY
21/04/2024 17:13;30;34;RETURN;22;V2;1;1;CITY
21/04/2024 17:13;33;34;RETURN;22;V2;1;1;CITY
21/04/2024 17:13;27;34;RETURN;22;V2;1;1;CITY
21/04/2024 17:14;23;34;RETURN;22;V2;1;1;CITY
21/04/2024 17:14;18;34;RETURN;22;V2;1;1;CITY
21/04/2024 17:14;11;34;RETURN;22;V2;1;1;CITY
21/04/2024 17:14;15;34;RETURN;22;V2;1;1;CITY
21/04/2024 17:14;21;34;RETURN;22;V2;1;1;CITY
21/04/2024 17:14;8;34;RETURN;22;V2;1;1;CITY
21/04/2024 17:15;4;34;RETURN;22;V2;1;1;CITY
21/04/2024 17:15;6;34;RETURN;22;V2;1;1;CITY
21/04/2024 17:15;0;33;RETURN;22;V2;1;1;CITY
23/04/2024 17:39;0;33;GO;18;V2;1;1;CITY
23/04/2024 17:40;8;33;GO;18;V2;1;1;CITY
23/04/2024 17:40;11;33;GO;18;V2;1;1;CITY
23/04/2024 17:41;11;33;GO;18;V2;1;1;CITY
23/04/2024 17:41;6;33;GO;18;V2;1;1;CITY
23/04/2024 17:42;21;27;GO;18;V2;1;1;CITY
23/04/2024 17:43;5;31;GO;18;V2;1;1;CITY
23/04/2024 17:43;0;31;GO;18;V2;1;1;CITY
23/04/2024 17:44;3;31;GO;18;V2;1;1;CITY
23/04/2024 17:45;25;30;GO;18;V2;1;1;CITY
23/04/2024 17:45;17;27;GO;18;V2;1;1;CITY
23/04/2024 17:46;11;27;GO;18;V2;1;1;CITY
23/04/2024 17:46;27;27;GO;18;V2;1;1;CITY
23/04/2024 17:47;20;20;GO;18;V2;1;1;CITY
23/04/2024 17:48;0;24;GO;18;V2;1;1;CITY
23/04/2024 17:48;23;20;GO;18;V2;1;1;CITY
23/04/2024 17:49;24;20;GO;18;V2;1;1;CITY
23/04/2024 17:49;0;20;GO;18;V2;1;1;CITY
23/04/2024 17:50;27;20;GO;18;V2;1;1;CITY
23/04/2024 17:51;43;20;GO;18;V2;1;1;CITY
23/04/2024 17:51;59;20;GO;18;V2;1;1;CITY
23/04/2024 17:52;43;20;GO;18;V2;1;1;CITY
23/04/2024 17:53;35;19;GO;18;V2;1;1;CITY
23/04/2024 17:53;7;19;GO;18;V2;1;1;CITY
23/04/2024 17:54;0;2;GO;18;V2;1;1;CITY
23/04/2024 17:54;42;10;GO;18;V2;1;1;CITY
23/04/2024 17:55;67;5;GO;18;V2;1;1;HIGHSPEED
23/04/2024 17:56;87;9;GO;18;V2;1;1;HIGHSPEED
23/04/2024 17:56;89;9;GO;18;V2;1;1;HIGHSPEED
23/04/2024 17:57;83;9;GO;18;V2;1;1;HIGHSPEED
23/04/2024 17:57;66;9;GO;18;V2;1;1;HIGHSPEED
23/04/2024 17:58;80;9;GO;18;V2;1;1;HIGHSPEED
23/04/2024 17:59;79;4;GO;18;V2;1;1;HIGHSPEED
23/04/2024 17:59;101;5;GO;18;V2;1;1;HIGHSPEED
23/04/2024 18:00;116;5;GO;18;V2;1;1;HIGHSPEED
23/04/2024 18:01;100;5;GO;18;V2;1;1;HIGHSPEED
23/04/2024 18:01;95;5;GO;18;V2;1;1;HIGHSPEED
23/04/2024 18:02;97;5;GO;18;V2;1;1;HIGHSPEED
23/04/2024 18:02;92;5;GO;18;V2;1;1;HIGHSPEED
23/04/2024 18:03;110;5;GO;18;V2;1;1;HIGHSPEED
23/04/2024 18:04;111;5;GO;18;V2;1;1;HIGHSPEED
23/04/2024 18:04;120;5;GO;18;V2;1;1;HIGHSPEED
23/04/2024 18:05;113;6;GO;18;V2;1;1;HIGHSPEED
23/04/2024 18:06;112;6;GO;18;V2;1;1;HIGHSPEED
23/04/2024 18:06;103;6;GO;18;V2;1;1;HIGHSPEED
23/04/2024 18:07;128;15;GO;18;V2;1;1;HIGHSPEED
23/04/2024 18:07;117;10;GO;18;V2;1;1;HIGHSPEED
23/04/2024 18:08;108;10;GO;18;V2;1;1;HIGHSPEED
23/04/2024 18:09;92;10;GO;18;V2;1;1;HIGHSPEED
23/04/2024 18:09;83;20;GO;18;V2;1;1;HIGHSPEED
23/04/2024 18:10;95;14;GO;18;V2;1;1;HIGHSPEED
23/04/2024 18:10;102;14;GO;18;V2;1;1;HIGHSPEED
23/04/2024 18:11;106;18;GO;18;V2;1;1;HIGHSPEED
23/04/2024 18:12;103;45;GO;18;V2;1;1;HIGHSPEED
23/04/2024 18:12;106;27;GO;18;V2;1;1;HIGHSPEED
23/04/2024 18:13;87;70;GO;18;V2;1;1;HIGHSPEED
23/04/2024 18:14;94;45;GO;18;V2;1;1;HIGHSPEED
23/04/2024 18:14;83;125;GO;18;V2;1;1;HIGHSPEED
23/04/2024 18:15;64;65;GO;18;V2;1;1;HIGHSPEED
23/04/2024 18:15;49;91;GO;18;V2;1;1;CITY
23/04/2024 18:16;40;83;GO;18;V2;1;1;CITY
23/04/2024 18:17;27;61;GO;18;V2;1;1;CITY
23/04/2024 18:17;28;78;GO;18;V2;1;1;CITY
23/04/2024 18:18;27;30;GO;18;V2;1;1;CITY
23/04/2024 18:18;31;75;GO;18;V2;1;1;CITY
23/04/2024 18:19;34;77;GO;18;V2;1;1;CITY
23/04/2024 18:20;33;23;GO;18;V2;1;1;CITY
23/04/2024 18:20;46;51;GO;18;V2;1;1;CITY
23/04/2024 18:21;26;51;GO;18;V2;1;1;CITY
23/04/2024 18:22;67;21;GO;18;V2;1;1;HIGHSPEED
23/04/2024 18:22;91;34;GO;18;V2;1;1;HIGHSPEED
23/04/2024 18:23;93;25;GO;18;V2;1;1;HIGHSPEED
23/04/2024 18:23;84;25;GO;18;V2;1;1;HIGHSPEED
23/04/2024 18:24;84;35;GO;18;V2;1;1;HIGHSPEED
23/04/2024 18:25;90;26;GO;18;V2;1;1;HIGHSPEED
23/04/2024 18:25;82;26;GO;18;V2;1;1;HIGHSPEED
23/04/2024 18:26;76;28;GO;18;V2;1;1;HIGHSPEED
23/04/2024 18:26;59;69;GO;18;V2;1;1;HIGHSPEED
23/04/2024 18:27;42;42;GO;18;V2;1;1;CITY
23/04/2024 18:28;26;52;GO;18;V2;1;1;CITY
23/04/2024 18:28;16;87;GO;18;V2;1;1;CITY
23/04/2024 18:29;0;64;GO;18;V2;1;1;CITY
23/04/2024 18:30;15;64;GO;18;V2;1;1;CITY
23/04/2024 18:30;29;106;GO;18;V2;1;1;CITY
23/04/2024 18:31;26;87;GO;18;V2;1;1;CITY
23/04/2024 18:31;10;87;GO;18;V2;1;1;CITY
23/04/2024 18:32;0;105;GO;18;V2;1;1;CITY
25/04/2024 9:30;0;33;GO;20;V2;1;1;CITY
25/04/2024 9:30;4;83;GO;20;V2;1;1;CITY
25/04/2024 9:30;14;83;GO;20;V2;1;1;CITY
25/04/2024 9:31;19;81;GO;20;V2;1;1;CITY
25/04/2024 9:31;17;81;GO;20;V2;1;1;CITY
25/04/2024 9:31;12;81;GO;20;V2;1;1;CITY
25/04/2024 9:31;14;69;GO;20;V2;1;1;CITY
25/04/2024 9:32;17;69;GO;20;V2;1;1;CITY
25/04/2024 9:32;6;69;GO;20;V2;1;1;CITY
25/04/2024 9:32;8;33;GO;20;V2;1;1;CITY
25/04/2024 9:32;0;57;GO;20;V2;1;1;CITY
25/04/2024 9:33;14;51;GO;20;V2;1;1;CITY
25/04/2024 9:33;17;33;GO;20;V2;1;1;CITY
25/04/2024 9:33;18;30;GO;20;V2;1;1;CITY
25/04/2024 9:33;21;30;GO;20;V2;1;1;CITY
25/04/2024 9:34;20;30;GO;20;V2;1;1;CITY
25/04/2024 9:34;16;30;GO;20;V2;1;1;CITY
25/04/2024 9:34;14;30;GO;20;V2;1;1;CITY
25/04/2024 9:34;13;30;GO;20;V2;1;1;CITY
25/04/2024 9:35;11;30;GO;20;V2;1;1;CITY
25/04/2024 9:35;15;30;GO;20;V2;1;1;CITY
25/04/2024 9:35;15;30;GO;20;V2;1;1;CITY
25/04/2024 9:35;11;30;GO;20;V2;1;1;CITY
25/04/2024 9:36;0;33;GO;20;V2;1;1;CITY
25/04/2024 9:36;16;33;GO;20;V2;1;1;CITY
25/04/2024 9:36;28;33;GO;20;V2;1;1;CITY
25/04/2024 9:36;28;33;GO;20;V2;1;1;CITY
25/04/2024 9:37;32;33;GO;20;V2;1;1;CITY
25/04/2024 9:37;38;33;GO;20;V2;1;1;CITY
25/04/2024 9:37;35;33;GO;20;V2;1;1;CITY
25/04/2024 9:37;33;33;GO;20;V2;1;1;CITY
25/04/2024 9:38;31;33;GO;20;V2;1;1;CITY
25/04/2024 9:38;24;33;GO;20;V2;1;1;CITY
25/04/2024 9:38;15;33;GO;20;V2;1;1;CITY
25/04/2024 9:38;5;27;GO;20;V2;1;1;CITY
25/04/2024 9:39;0;27;GO;20;V2;1;1;CITY
25/04/2024 9:39;9;27;GO;20;V2;1;1;CITY
25/04/2024 9:39;26;27;GO;20;V2;1;1;CITY
25/04/2024 9:39;31;27;GO;20;V2;1;1;CITY
25/04/2024 9:40;9;27;GO;20;V2;1;1;CITY
25/04/2024 9:40;0;27;GO;20;V2;1;1;CITY
25/04/2024 9:40;30;27;GO;20;V2;1;1;CITY
25/04/2024 9:40;35;27;GO;20;V2;1;1;CITY
25/04/2024 9:40;29;27;GO;20;V2;1;1;CITY
25/04/2024 9:41;12;27;GO;20;V2;1;1;CITY
25/04/2024 9:41;0;27;GO;20;V2;1;1;CITY
25/04/2024 9:41;7;27;GO;20;V2;1;1;CITY
25/04/2024 9:41;19;28;GO;20;V2;1;1;CITY
25/04/2024 9:42;30;28;GO;20;V2;1;1;CITY
25/04/2024 9:42;44;28;GO;20;V2;1;1;CITY
25/04/2024 9:42;48;28;GO;20;V2;1;1;CITY
25/04/2024 9:42;38;28;GO;20;V2;1;1;CITY
25/04/2024 9:43;68;28;GO;20;V2;1;1;HIGHSPEED
25/04/2024 9:43;77;28;GO;20;V2;1;1;HIGHSPEED
25/04/2024 9:43;85;30;GO;20;V2;1;1;HIGHSPEED
25/04/2024 9:43;83;29;GO;20;V2;1;1;HIGHSPEED
25/04/2024 9:44;84;29;GO;20;V2;1;1;HIGHSPEED
25/04/2024 9:44;86;30;GO;20;V2;1;1;HIGHSPEED
25/04/2024 9:44;91;30;GO;20;V2;1;1;HIGHSPEED
25/04/2024 9:44;94;30;GO;20;V2;1;1;HIGHSPEED
25/04/2024 9:45;97;30;GO;20;V2;1;1;HIGHSPEED
25/04/2024 9:45;85;30;GO;20;V2;1;1;HIGHSPEED
25/04/2024 9:45;79;48;GO;20;V2;1;1;HIGHSPEED
25/04/2024 9:45;88;39;GO;20;V2;1;1;HIGHSPEED
25/04/2024 9:46;85;48;GO;20;V2;1;1;HIGHSPEED
25/04/2024 9:46;80;48;GO;20;V2;1;1;HIGHSPEED
25/04/2024 9:46;73;48;GO;20;V2;1;1;HIGHSPEED
25/04/2024 9:46;67;48;GO;20;V2;1;1;HIGHSPEED
25/04/2024 9:47;48;48;GO;20;V2;1;1;CITY
25/04/2024 9:47;36;69;GO;20;V2;1;1;CITY
25/04/2024 9:47;42;58;GO;20;V2;1;1;CITY
25/04/2024 9:47;27;58;GO;20;V2;1;1;CITY
25/04/2024 9:48;40;69;GO;20;V2;1;1;CITY
25/04/2024 9:48;26;69;GO;20;V2;1;1;CITY
25/04/2024 9:48;29;69;GO;20;V2;1;1;CITY
25/04/2024 9:48;24;69;GO;20;V2;1;1;CITY
25/04/2024 9:49;32;69;GO;20;V2;1;1;CITY
25/04/2024 9:49;25;93;GO;20;V2;1;1;CITY
25/04/2024 9:49;23;81;GO;20;V2;1;1;CITY
25/04/2024 9:49;15;93;GO;20;V2;1;1;CITY
25/04/2024 9:50;23;93;GO;20;V2;1;1;CITY
25/04/2024 9:50;14;93;GO;20;V2;1;1;CITY
25/04/2024 9:50;0;87;GO;20;V2;1;1;CITY
25/04/2024 11:01;0;87;RETURN;21;V2;1;2;CITY
25/04/2024 11:01;6;89;RETURN;21;V2;1;2;CITY
25/04/2024 11:01;17;89;RETURN;21;V2;1;2;CITY
25/04/2024 11:01;29;89;RETURN;21;V2;1;2;CITY
25/04/2024 11:01;29;87;RETURN;21;V2;1;2;CITY
25/04/2024 11:01;27;87;RETURN;21;V2;1;2;CITY
25/04/2024 11:02;25;85;RETURN;21;V2;1;2;CITY
25/04/2024 11:02;23;86;RETURN;21;V2;1;2;CITY
25/04/2024 11:02;26;86;RETURN;21;V2;1;2;CITY
25/04/2024 11:02;23;86;RETURN;21;V2;1;2;CITY
25/04/2024 11:02;25;85;RETURN;21;V2;1;2;CITY
25/04/2024 11:02;11;85;RETURN;21;V2;1;2;CITY
25/04/2024 11:02;23;85;RETURN;21;V2;1;2;CITY
25/04/2024 11:02;34;71;RETURN;21;V2;1;2;CITY
25/04/2024 11:02;46;78;RETURN;21;V2;1;2;CITY
25/04/2024 11:02;50;78;RETURN;21;V2;1;2;HIGHSPEED
25/04/2024 11:02;65;71;RETURN;21;V2;1;2;HIGHSPEED
25/04/2024 11:02;72;71;RETURN;21;V2;1;2;HIGHSPEED
25/04/2024 11:03;75;71;RETURN;21;V2;1;2;HIGHSPEED
25/04/2024 11:03;80;71;RETURN;21;V2;1;2;HIGHSPEED
25/04/2024 11:03;79;59;RETURN;21;V2;1;2;HIGHSPEED
25/04/2024 11:03;83;65;RETURN;21;V2;1;2;HIGHSPEED
25/04/2024 11:03;83;65;RETURN;21;V2;1;2;HIGHSPEED
25/04/2024 11:03;83;59;RETURN;21;V2;1;2;HIGHSPEED
25/04/2024 11:03;81;59;RETURN;21;V2;1;2;HIGHSPEED
25/04/2024 11:03;87;59;RETURN;21;V2;1;2;HIGHSPEED
25/04/2024 11:03;79;59;RETURN;21;V2;1;2;HIGHSPEED
25/04/2024 11:03;79;59;RETURN;21;V2;1;2;HIGHSPEED
25/04/2024 11:03;79;41;RETURN;21;V2;1;2;HIGHSPEED
25/04/2024 11:04;80;50;RETURN;21;V2;1;2;HIGHSPEED
25/04/2024 11:04;80;41;RETURN;21;V2;1;2;HIGHSPEED
25/04/2024 11:04;80;41;RETURN;21;V2;1;2;HIGHSPEED
25/04/2024 11:04;81;41;RETURN;21;V2;1;2;HIGHSPEED
25/04/2024 11:04;77;41;RETURN;21;V2;1;2;HIGHSPEED
25/04/2024 11:04;83;41;RETURN;21;V2;1;2;HIGHSPEED
25/04/2024 11:04;76;33;RETURN;21;V2;1;2;HIGHSPEED
25/04/2024 11:04;69;37;RETURN;21;V2;1;2;HIGHSPEED
25/04/2024 11:04;60;37;RETURN;21;V2;1;2;HIGHSPEED
25/04/2024 11:04;46;33;RETURN;21;V2;1;2;CITY
25/04/2024 11:04;38;33;RETURN;21;V2;1;2;CITY
25/04/2024 11:04;29;33;RETURN;21;V2;1;2;CITY
25/04/2024 11:05;20;33;RETURN;21;V2;1;2;CITY
25/04/2024 11:05;5;33;RETURN;21;V2;1;2;CITY
25/04/2024 11:05;25;33;RETURN;21;V2;1;2;CITY
25/04/2024 11:05;32;30;RETURN;21;V2;1;2;CITY
25/04/2024 11:05;38;30;RETURN;21;V2;1;2;CITY
25/04/2024 11:05;45;30;RETURN;21;V2;1;2;CITY
25/04/2024 11:05;49;30;RETURN;21;V2;1;2;CITY
25/04/2024 11:05;44;30;RETURN;21;V2;1;2;CITY
25/04/2024 11:05;42;30;RETURN;21;V2;1;2;CITY
25/04/2024 11:05;14;30;RETURN;21;V2;1;2;CITY
25/04/2024 11:05;0;30;RETURN;21;V2;1;2;CITY
25/04/2024 11:06;5;30;RETURN;21;V2;1;2;CITY
25/04/2024 11:06;19;29;RETURN;21;V2;1;2;CITY
25/04/2024 11:06;27;29;RETURN;21;V2;1;2;CITY
25/04/2024 11:06;34;29;RETURN;21;V2;1;2;CITY
25/04/2024 11:06;37;29;RETURN;21;V2;1;2;CITY
25/04/2024 11:06;29;29;RETURN;21;V2;1;2;CITY
25/04/2024 11:06;35;29;RETURN;21;V2;1;2;CITY
25/04/2024 11:06;36;29;RETURN;21;V2;1;2;CITY
25/04/2024 11:06;33;29;RETURN;21;V2;1;2;CITY
25/04/2024 11:06;34;29;RETURN;21;V2;1;2;CITY
25/04/2024 11:06;31;29;RETURN;21;V2;1;2;CITY
25/04/2024 11:07;20;29;RETURN;21;V2;1;2;CITY
25/04/2024 11:07;12;29;RETURN;21;V2;1;2;CITY
25/04/2024 11:07;0;29;RETURN;21;V2;1;2;CITY
25/04/2024 11:07;2;29;RETURN;21;V2;1;2;CITY
25/04/2024 11:07;14;29;RETURN;21;V2;1;2;CITY
25/04/2024 11:07;24;29;RETURN;21;V2;1;2;CITY
25/04/2024 11:07;9;29;RETURN;21;V2;1;2;CITY
25/04/2024 11:07;0;27;RETURN;21;V2;1;2;CITY
25/04/2024 11:07;4;27;RETURN;21;V2;1;2;CITY
25/04/2024 11:07;11;27;RETURN;21;V2;1;2;CITY
25/04/2024 11:07;18;27;RETURN;21;V2;1;2;CITY
25/04/2024 11:07;29;27;RETURN;21;V2;1;2;CITY
25/04/2024 11:08;30;27;RETURN;21;V2;1;2;CITY
25/04/2024 11:08;25;27;RETURN;21;V2;1;2;CITY
25/04/2024 11:08;20;27;RETURN;21;V2;1;2;CITY
25/04/2024 11:08;13;27;RETURN;21;V2;1;2;CITY
25/04/2024 11:08;4;27;RETURN;21;V2;1;2;CITY
25/04/2024 11:08;0;33;RETURN;21;V2;1;2;CITY
26/04/2024 8:06;0;33;GO;18;V2;1;1;CITY
26/04/2024 8:06;8;33;GO;18;V2;1;1;CITY
26/04/2024 8:06;13;33;GO;18;V2;1;1;CITY
26/04/2024 8:06;20;33;GO;18;V2;1;1;CITY
26/04/2024 8:07;23;33;GO;18;V2;1;1;CITY
26/04/2024 8:07;25;33;GO;18;V2;1;1;CITY
26/04/2024 8:07;9;33;GO;18;V2;1;1;CITY
26/04/2024 8:07;0;33;GO;18;V2;1;1;CITY
26/04/2024 8:07;5;33;GO;18;V2;1;1;CITY
26/04/2024 8:07;1;33;GO;18;V2;1;1;CITY
26/04/2024 8:08;0;33;GO;18;V2;1;1;CITY
26/04/2024 8:08;12;33;GO;18;V2;1;1;CITY
26/04/2024 8:08;23;33;GO;18;V2;1;1;CITY
26/04/2024 8:08;24;33;GO;18;V2;1;1;CITY
26/04/2024 8:08;21;33;GO;18;V2;1;1;CITY
26/04/2024 8:08;15;30;GO;18;V2;1;1;CITY
26/04/2024 8:08;10;30;GO;18;V2;1;1;CITY
26/04/2024 8:09;6;30;GO;18;V2;1;1;CITY
26/04/2024 8:09;4;30;GO;18;V2;1;1;CITY
26/04/2024 8:09;0;30;GO;18;V2;1;1;CITY
26/04/2024 8:09;13;30;GO;18;V2;1;1;CITY
26/04/2024 8:09;17;30;GO;18;V2;1;1;CITY
26/04/2024 8:09;11;30;GO;18;V2;1;1;CITY
26/04/2024 8:10;8;30;GO;18;V2;1;1;CITY
26/04/2024 8:10;0;30;GO;18;V2;1;1;CITY
26/04/2024 8:10;3;21;GO;18;V2;1;1;CITY
26/04/2024 8:10;15;21;GO;18;V2;1;1;CITY
26/04/2024 8:10;10;21;GO;18;V2;1;1;CITY
26/04/2024 8:10;27;21;GO;18;V2;1;1;CITY
26/04/2024 8:10;24;21;GO;18;V2;1;1;CITY
26/04/2024 8:11;21;21;GO;18;V2;1;1;CITY
26/04/2024 8:11;13;21;GO;18;V2;1;1;CITY
26/04/2024 8:11;29;21;GO;18;V2;1;1;CITY
26/04/2024 8:11;41;21;GO;18;V2;1;1;CITY
26/04/2024 8:11;46;21;GO;18;V2;1;1;CITY
26/04/2024 8:11;38;21;GO;18;V2;1;1;CITY
26/04/2024 8:12;36;21;GO;18;V2;1;1;CITY
26/04/2024 8:12;29;21;GO;18;V2;1;1;CITY
26/04/2024 8:12;17;21;GO;18;V2;1;1;CITY
26/04/2024 8:12;31;21;GO;18;V2;1;1;CITY
26/04/2024 8:12;34;21;GO;18;V2;1;1;CITY
26/04/2024 8:12;32;2;GO;18;V2;1;1;CITY
26/04/2024 8:12;27;2;GO;18;V2;1;1;CITY
26/04/2024 8:13;24;2;GO;18;V2;1;1;CITY
26/04/2024 8:13;35;2;GO;18;V2;1;1;CITY
26/04/2024 8:13;32;2;GO;18;V2;1;1;CITY
26/04/2024 8:13;22;2;GO;18;V2;1;1;CITY
26/04/2024 8:13;19;2;GO;18;V2;1;1;CITY
26/04/2024 8:13;9;5;GO;18;V2;1;1;CITY
26/04/2024 8:14;0;4;GO;18;V2;1;1;CITY
26/04/2024 8:14;19;4;GO;18;V2;1;1;CITY
26/04/2024 8:14;0;5;GO;18;V2;1;1;CITY
26/04/2024 8:14;5;5;GO;18;V2;1;1;CITY
26/04/2024 8:14;23;5;GO;18;V2;1;1;CITY
26/04/2024 8:14;41;5;GO;18;V2;1;1;CITY
26/04/2024 8:14;58;5;GO;18;V2;1;1;CITY
26/04/2024 8:15;67;3;GO;18;V2;1;1;CITY
26/04/2024 8:15;58;4;GO;18;V2;1;1;CITY
26/04/2024 8:15;49;3;GO;18;V2;1;1;CITY
26/04/2024 8:15;56;3;GO;18;V2;1;1;CITY
26/04/2024 8:15;34;3;GO;18;V2;1;1;CITY
26/04/2024 8:15;18;3;GO;18;V2;1;1;CITY
26/04/2024 8:16;8;5;GO;18;V2;1;1;CITY
26/04/2024 8:16;0;4;GO;18;V2;1;1;CITY
26/04/2024 8:16;11;4;GO;18;V2;1;1;CITY
26/04/2024 8:16;19;4;GO;18;V2;1;1;CITY
26/04/2024 8:16;29;5;GO;18;V2;1;1;CITY
26/04/2024 8:16;46;5;GO;18;V2;1;1;CITY
26/04/2024 8:17;61;7;GO;18;V2;1;1;HIGHSPEED
26/04/2024 8:17;75;6;GO;18;V2;1;1;HIGHSPEED
26/04/2024 8:17;85;6;GO;18;V2;1;1;HIGHSPEED
26/04/2024 8:17;95;6;GO;18;V2;1;1;HIGHSPEED
26/04/2024 8:17;95;7;GO;18;V2;1;1;HIGHSPEED
26/04/2024 8:17;83;7;GO;18;V2;1;1;HIGHSPEED
26/04/2024 8:17;87;7;GO;18;V2;1;1;HIGHSPEED
26/04/2024 8:18;90;8;GO;18;V2;1;1;HIGHSPEED
26/04/2024 8:18;97;8;GO;18;V2;1;1;HIGHSPEED
26/04/2024 8:18;91;8;GO;18;V2;1;1;HIGHSPEED
26/04/2024 8:18;81;8;GO;18;V2;1;1;HIGHSPEED
26/04/2024 8:18;81;8;GO;18;V2;1;1;HIGHSPEED
26/04/2024 8:18;80;8;GO;18;V2;1;1;HIGHSPEED
26/04/2024 8:19;68;8;GO;18;V2;1;1;HIGHSPEED
26/04/2024 8:19;58;8;GO;18;V2;1;1;HIGHSPEED
26/04/2024 8:19;35;6;GO;18;V2;1;1;CITY
26/04/2024 8:19;33;7;GO;18;V2;1;1;CITY
26/04/2024 8:19;23;6;GO;18;V2;1;1;CITY
26/04/2024 8:19;25;6;GO;18;V2;1;1;CITY
26/04/2024 8:19;25;6;GO;18;V2;1;1;CITY
26/04/2024 8:20;27;6;GO;18;V2;1;1;CITY
26/04/2024 8:20;14;6;GO;18;V2;1;1;CITY
26/04/2024 8:20;0;6;GO;18;V2;1;1;CITY
26/04/2024 8:20;12;6;GO;18;V2;1;1;CITY
26/04/2024 8:20;22;8;GO;18;V2;1;1;CITY
26/04/2024 8:20;25;8;GO;18;V2;1;1;CITY
26/04/2024 8:21;30;8;GO;18;V2;1;1;CITY
26/04/2024 8:21;26;8;GO;18;V2;1;1;CITY
26/04/2024 8:21;37;8;GO;18;V2;1;1;CITY
26/04/2024 8:21;40;8;GO;18;V2;1;1;CITY
26/04/2024 8:21;48;7;GO;18;V2;1;1;CITY
26/04/2024 8:21;56;8;GO;18;V2;1;1;CITY
26/04/2024 8:21;60;8;GO;18;V2;1;1;CITY
26/04/2024 8:22;48;8;GO;18;V2;1;1;CITY
26/04/2024 8:22;44;7;GO;18;V2;1;1;CITY
26/04/2024 8:22;47;7;GO;18;V2;1;1;CITY
26/04/2024 8:22;44;7;GO;18;V2;1;1;CITY
26/04/2024 8:22;33;7;GO;18;V2;1;1;CITY
26/04/2024 8:22;29;7;GO;18;V2;1;1;CITY
26/04/2024 8:23;25;7;GO;18;V2;1;1;CITY
26/04/2024 8:23;9;7;GO;18;V2;1;1;CITY
26/04/2024 8:23;4;7;GO;18;V2;1;1;CITY
26/04/2024 8:23;0;7;GO;18;V2;1;1;CITY
26/04/2024 13:38;0;7;RETURN;22;V2;1;2;CITY
26/04/2024 13:38;12;7;RETURN;22;V2;1;2;CITY
26/04/2024 13:38;19;7;RETURN;22;V2;1;2;CITY
26/04/2024 13:38;21;7;RETURN;22;V2;1;2;CITY
26/04/2024 13:39;27;7;RETURN;22;V2;1;2;CITY
26/04/2024 13:39;30;7;RETURN;22;V2;1;2;CITY
26/04/2024 13:39;37;7;RETURN;22;V2;1;2;CITY
26/04/2024 13:39;46;7;RETURN;22;V2;1;2;CITY
26/04/2024 13:39;44;7;RETURN;22;V2;1;2;CITY
26/04/2024 13:39;40;7;RETURN;22;V2;1;2;CITY
26/04/2024 13:40;34;7;RETURN;22;V2;1;2;CITY
26/04/2024 13:40;29;7;RETURN;22;V2;1;2;CITY
26/04/2024 13:40;24;7;RETURN;22;V2;1;2;CITY
26/04/2024 13:40;12;7;RETURN;22;V2;1;2;CITY
26/04/2024 13:40;10;7;RETURN;22;V2;1;2;CITY
26/04/2024 13:40;0;7;RETURN;22;V2;1;2;CITY
26/04/2024 13:41;12;7;RETURN;22;V2;1;2;CITY
26/04/2024 13:41;28;7;RETURN;22;V2;1;2;CITY
26/04/2024 13:41;31;7;RETURN;22;V2;1;2;CITY
26/04/2024 13:41;38;7;RETURN;22;V2;1;2;CITY
26/04/2024 13:41;49;7;RETURN;22;V2;1;2;CITY
26/04/2024 13:41;68;7;RETURN;22;V2;1;2;HIGHSPEED
26/04/2024 13:42;77;7;RETURN;22;V2;1;2;HIGHSPEED
26/04/2024 13:42;94;7;RETURN;22;V2;1;2;HIGHSPEED
26/04/2024 13:42;83;7;RETURN;22;V2;1;2;HIGHSPEED
26/04/2024 13:42;75;7;RETURN;22;V2;1;2;HIGHSPEED
26/04/2024 13:42;69;7;RETURN;22;V2;1;2;HIGHSPEED
26/04/2024 13:42;70;7;RETURN;22;V2;1;2;HIGHSPEED
26/04/2024 13:43;77;8;RETURN;22;V2;1;2;HIGHSPEED
26/04/2024 13:43;78;8;RETURN;22;V2;1;2;HIGHSPEED
26/04/2024 13:43;78;8;RETURN;22;V2;1;2;HIGHSPEED
26/04/2024 13:43;76;8;RETURN;22;V2;1;2;HIGHSPEED
26/04/2024 13:43;71;8;RETURN;22;V2;1;2;HIGHSPEED
26/04/2024 13:43;79;8;RETURN;22;V2;1;2;HIGHSPEED
26/04/2024 13:44;70;8;RETURN;22;V2;1;2;HIGHSPEED
26/04/2024 13:44;72;8;RETURN;22;V2;1;2;HIGHSPEED
26/04/2024 13:44;66;8;RETURN;22;V2;1;2;HIGHSPEED
26/04/2024 13:44;56;8;RETURN;22;V2;1;2;HIGHSPEED
26/04/2024 13:44;42;8;RETURN;22;V2;1;2;HIGHSPEED
26/04/2024 13:44;44;8;RETURN;22;V2;1;2;HIGHSPEED
26/04/2024 13:45;46;8;RETURN;22;V2;1;2;HIGHSPEED
26/04/2024 13:45;59;8;RETURN;22;V2;1;2;HIGHSPEED
26/04/2024 13:45;58;8;RETURN;22;V2;1;2;HIGHSPEED
26/04/2024 13:45;56;8;RETURN;22;V2;1;2;HIGHSPEED
26/04/2024 13:45;65;8;RETURN;22;V2;1;2;HIGHSPEED
26/04/2024 13:45;70;8;RETURN;22;V2;1;2;HIGHSPEED
26/04/2024 13:46;67;8;RETURN;22;V2;1;2;HIGHSPEED
26/04/2024 13:46;62;8;RETURN;22;V2;1;2;HIGHSPEED
26/04/2024 13:46;62;8;RETURN;22;V2;1;2;HIGHSPEED
26/04/2024 13:46;61;8;RETURN;22;V2;1;2;HIGHSPEED
26/04/2024 13:46;70;8;RETURN;22;V2;1;2;HIGHSPEED
26/04/2024 13:46;71;8;RETURN;22;V2;1;2;HIGHSPEED
26/04/2024 13:47;61;8;RETURN;22;V2;1;2;HIGHSPEED
26/04/2024 13:47;61;8;RETURN;22;V2;1;2;HIGHSPEED
26/04/2024 13:47;42;8;RETURN;22;V2;1;2;CITY
26/04/2024 13:47;24;9;RETURN;22;V2;1;2;CITY
26/04/2024 13:47;18;8;RETURN;22;V2;1;2;CITY
26/04/2024 13:47;12;8;RETURN;22;V2;1;2;CITY
26/04/2024 13:48;6;8;RETURN;22;V2;1;2;CITY
26/04/2024 13:48;0;8;RETURN;22;V2;1;2;CITY
26/04/2024 13:48;6;9;RETURN;22;V2;1;2;CITY
26/04/2024 13:48;14;9;RETURN;22;V2;1;2;CITY
26/04/2024 13:48;0;9;RETURN;22;V2;1;2;CITY
26/04/2024 13:48;15;9;RETURN;22;V2;1;2;CITY
26/04/2024 13:49;15;9;RETURN;22;V2;1;2;CITY
26/04/2024 13:49;24;9;RETURN;22;V2;1;2;CITY
26/04/2024 13:49;26;9;RETURN;22;V2;1;2;CITY
26/04/2024 13:49;34;9;RETURN;22;V2;1;2;CITY
26/04/2024 13:49;37;9;RETURN;22;V2;1;2;CITY
26/04/2024 13:49;46;12;RETURN;22;V2;1;2;CITY
26/04/2024 13:50;41;12;RETURN;22;V2;1;2;CITY
26/04/2024 13:50;38;12;RETURN;22;V2;1;2;CITY
26/04/2024 13:50;35;12;RETURN;22;V2;1;2;CITY
26/04/2024 13:50;30;12;RETURN;22;V2;1;2;CITY
26/04/2024 13:50;28;12;RETURN;22;V2;1;2;CITY
26/04/2024 13:50;20;12;RETURN;22;V2;1;2;CITY
26/04/2024 13:51;11;12;RETURN;22;V2;1;2;CITY
26/04/2024 13:51;15;12;RETURN;22;V2;1;2;CITY
26/04/2024 13:51;23;16;RETURN;22;V2;1;2;CITY
26/04/2024 13:51;28;16;RETURN;22;V2;1;2;CITY
26/04/2024 13:51;26;16;RETURN;22;V2;1;2;CITY
26/04/2024 13:51;26;16;RETURN;22;V2;1;2;CITY
26/04/2024 13:52;32;16;RETURN;22;V2;1;2;CITY
26/04/2024 13:52;34;16;RETURN;22;V2;1;2;CITY
26/04/2024 13:52;25;16;RETURN;22;V2;1;2;CITY
26/04/2024 13:52;22;21;RETURN;22;V2;1;2;CITY
26/04/2024 13:52;19;18;RETURN;22;V2;1;2;CITY
26/04/2024 13:52;13;18;RETURN;22;V2;1;2;CITY
26/04/2024 13:53;5;21;RETURN;22;V2;1;2;CITY
26/04/2024 13:53;0;21;RETURN;22;V2;1;2;CITY
26/04/2024 13:53;9;21;RETURN;22;V2;1;2;CITY
26/04/2024 13:53;18;30;RETURN;22;V2;1;2;CITY
26/04/2024 13:53;23;26;RETURN;22;V2;1;2;CITY
26/04/2024 13:53;14;26;RETURN;22;V2;1;2;CITY
26/04/2024 13:54;12;26;RETURN;22;V2;1;2;CITY
26/04/2024 13:54;7;30;RETURN;22;V2;1;2;CITY
26/04/2024 13:54;4;30;RETURN;22;V2;1;2;CITY
26/04/2024 13:54;0;33;RETURN;22;V2;1;2;CITY
03/05/2024 8:09;0;33;GO;17;V2;2;1;CITY
03/05/2024 8:09;13;32;GO;17;V2;2;1;CITY
03/05/2024 8:09;12;32;GO;17;V2;2;1;CITY
03/05/2024 8:10;15;33;GO;17;V2;2;1;CITY
03/05/2024 8:10;17;33;GO;17;V2;2;1;CITY
03/05/2024 8:10;20;33;GO;17;V2;2;1;CITY
03/05/2024 8:10;18;33;GO;17;V2;2;1;CITY
03/05/2024 8:11;19;33;GO;17;V2;2;1;CITY
03/05/2024 8:11;16;33;GO;17;V2;2;1;CITY
03/05/2024 8:11;14;33;GO;17;V2;2;1;CITY
03/05/2024 8:11;12;33;GO;17;V2;2;1;CITY
03/05/2024 8:12;12;33;GO;17;V2;2;1;CITY
03/05/2024 8:12;8;33;GO;17;V2;2;1;CITY
03/05/2024 8:12;4;33;GO;17;V2;2;1;CITY
03/05/2024 8:12;0;32;GO;17;V2;2;1;CITY
03/05/2024 8:12;4;32;GO;17;V2;2;1;CITY
03/05/2024 8:13;9;32;GO;17;V2;2;1;CITY
03/05/2024 8:13;15;32;GO;17;V2;2;1;CITY
03/05/2024 8:13;15;32;GO;17;V2;2;1;CITY
03/05/2024 8:13;18;32;GO;17;V2;2;1;CITY
03/05/2024 8:14;19;32;GO;17;V2;2;1;CITY
03/05/2024 8:14;19;32;GO;17;V2;2;1;CITY
03/05/2024 8:14;22;32;GO;17;V2;2;1;CITY
03/05/2024 8:14;23;32;GO;17;V2;2;1;CITY
03/05/2024 8:15;24;32;GO;17;V2;2;1;CITY
03/05/2024 8:15;22;32;GO;17;V2;2;1;CITY
03/05/2024 8:15;18;32;GO;17;V2;2;1;CITY
03/05/2024 8:15;12;32;GO;17;V2;2;1;CITY
03/05/2024 8:16;5;32;GO;17;V2;2;1;CITY
03/05/2024 8:16;0;30;GO;17;V2;2;1;CITY
03/05/2024 8:16;5;30;GO;17;V2;2;1;CITY
03/05/2024 8:16;10;30;GO;17;V2;2;1;CITY
03/05/2024 8:16;11;30;GO;17;V2;2;1;CITY
03/05/2024 8:17;14;30;GO;17;V2;2;1;CITY
03/05/2024 8:17;18;30;GO;17;V2;2;1;CITY
03/05/2024 8:17;24;30;GO;17;V2;2;1;CITY
03/05/2024 8:17;25;30;GO;17;V2;2;1;CITY
03/05/2024 8:18;28;30;GO;17;V2;2;1;CITY
03/05/2024 8:18;29;30;GO;17;V2;2;1;CITY
03/05/2024 8:18;29;30;GO;17;V2;2;1;CITY
03/05/2024 8:18;28;30;GO;17;V2;2;1;CITY
03/05/2024 8:19;20;30;GO;17;V2;2;1;CITY
03/05/2024 8:19;5;30;GO;17;V2;2;1;CITY
03/05/2024 8:19;0;24;GO;17;V2;2;1;CITY
03/05/2024 8:19;2;24;GO;17;V2;2;1;CITY
03/05/2024 8:19;11;24;GO;17;V2;2;1;CITY
03/05/2024 8:20;15;24;GO;17;V2;2;1;CITY
03/05/2024 8:20;19;24;GO;17;V2;2;1;CITY
03/05/2024 8:20;17;24;GO;17;V2;2;1;CITY
03/05/2024 8:20;13;24;GO;17;V2;2;1;CITY
03/05/2024 8:21;7;24;GO;17;V2;2;1;CITY
03/05/2024 8:21;4;24;GO;17;V2;2;1;CITY
03/05/2024 8:21;0;24;GO;17;V2;2;1;CITY
03/05/2024 8:21;4;24;GO;17;V2;2;1;CITY
03/05/2024 8:22;8;24;GO;17;V2;2;1;CITY
03/05/2024 8:22;12;24;GO;17;V2;2;1;CITY
03/05/2024 8:22;17;24;GO;17;V2;2;1;CITY
03/05/2024 8:22;18;24;GO;17;V2;2;1;CITY
03/05/2024 8:23;20;25;GO;17;V2;2;1;CITY
03/05/2024 8:23;16;25;GO;17;V2;2;1;CITY
03/05/2024 8:23;14;25;GO;17;V2;2;1;CITY
03/05/2024 8:23;11;25;GO;17;V2;2;1;CITY
03/05/2024 8:23;10;25;GO;17;V2;2;1;CITY
03/05/2024 8:24;15;25;GO;17;V2;2;1;CITY
03/05/2024 8:24;17;25;GO;17;V2;2;1;CITY
03/05/2024 8:24;15;25;GO;17;V2;2;1;CITY
03/05/2024 8:24;17;25;GO;17;V2;2;1;CITY
03/05/2024 8:25;15;25;GO;17;V2;2;1;CITY
03/05/2024 8:25;15;25;GO;17;V2;2;1;CITY
03/05/2024 8:25;14;25;GO;17;V2;2;1;CITY
03/05/2024 8:25;12;25;GO;17;V2;2;1;CITY
03/05/2024 8:26;10;25;GO;17;V2;2;1;CITY
03/05/2024 8:26;5;25;GO;17;V2;2;1;CITY
03/05/2024 8:26;0;25;GO;17;V2;2;1;CITY
03/05/2024 8:29;0;26;RETURN;17;V2;1;2;CITY
03/05/2024 8:29;13;26;RETURN;17;V2;1;2;CITY
03/05/2024 8:29;12;26;RETURN;17;V2;1;2;CITY
03/05/2024 8:30;15;26;RETURN;17;V2;1;2;CITY
03/05/2024 8:30;17;26;RETURN;17;V2;1;2;CITY
03/05/2024 8:30;20;26;RETURN;17;V2;1;2;CITY
03/05/2024 8:30;18;26;RETURN;17;V2;1;2;CITY
03/05/2024 8:31;19;26;RETURN;17;V2;1;2;CITY
03/05/2024 8:31;16;26;RETURN;17;V2;1;2;CITY
03/05/2024 8:31;14;26;RETURN;17;V2;1;2;CITY
03/05/2024 8:31;12;26;RETURN;17;V2;1;2;CITY
03/05/2024 8:32;12;26;RETURN;17;V2;1;2;CITY
03/05/2024 8:32;8;26;RETURN;17;V2;1;2;CITY
03/05/2024 8:32;4;26;RETURN;17;V2;1;2;CITY
03/05/2024 8:32;0;26;RETURN;17;V2;1;2;CITY
03/05/2024 8:32;4;26;RETURN;17;V2;1;2;CITY
03/05/2024 8:33;9;26;RETURN;17;V2;1;2;CITY
03/05/2024 8:33;15;26;RETURN;17;V2;1;2;CITY
03/05/2024 8:33;15;26;RETURN;17;V2;1;2;CITY
03/05/2024 8:33;18;26;RETURN;17;V2;1;2;CITY
03/05/2024 8:34;19;26;RETURN;17;V2;1;2;CITY
03/05/2024 8:34;19;26;RETURN;17;V2;1;2;CITY
03/05/2024 8:34;22;26;RETURN;17;V2;1;2;CITY
03/05/2024 8:34;23;26;RETURN;17;V2;1;2;CITY
03/05/2024 8:35;24;26;RETURN;17;V2;1;2;CITY
03/05/2024 8:35;22;26;RETURN;17;V2;1;2;CITY
03/05/2024 8:35;18;26;RETURN;17;V2;1;2;CITY
03/05/2024 8:35;12;26;RETURN;17;V2;1;2;CITY
03/05/2024 8:36;5;26;RETURN;17;V2;1;2;CITY
03/05/2024 8:36;0;30;RETURN;17;V2;1;2;CITY
03/05/2024 8:36;5;30;RETURN;17;V2;1;2;CITY
03/05/2024 8:36;10;30;RETURN;17;V2;1;2;CITY
03/05/2024 8:36;11;30;RETURN;17;V2;1;2;CITY
03/05/2024 8:37;14;30;RETURN;17;V2;1;2;CITY
03/05/2024 8:37;18;30;RETURN;17;V2;1;2;CITY
03/05/2024 8:37;24;30;RETURN;17;V2;1;2;CITY
03/05/2024 8:37;25;30;RETURN;17;V2;1;2;CITY
03/05/2024 8:38;28;30;RETURN;17;V2;1;2;CITY
03/05/2024 8:38;29;30;RETURN;17;V2;1;2;CITY
03/05/2024 8:38;29;30;RETURN;17;V2;1;2;CITY
03/05/2024 8:38;28;30;RETURN;17;V2;1;2;CITY
03/05/2024 8:39;20;30;RETURN;17;V2;1;2;CITY
03/05/2024 8:39;5;30;RETURN;17;V2;1;2;CITY
03/05/2024 8:39;0;30;RETURN;17;V2;1;2;CITY
03/05/2024 8:39;2;30;RETURN;17;V2;1;2;CITY
03/05/2024 8:39;11;30;RETURN;17;V2;1;2;CITY
03/05/2024 8:40;15;30;RETURN;17;V2;1;2;CITY
03/05/2024 8:40;19;30;RETURN;17;V2;1;2;CITY
03/05/2024 8:40;17;30;RETURN;17;V2;1;2;CITY
03/05/2024 8:40;13;30;RETURN;17;V2;1;2;CITY
03/05/2024 8:41;7;30;RETURN;17;V2;1;2;CITY
03/05/2024 8:41;4;30;RETURN;17;V2;1;2;CITY
03/05/2024 8:41;0;30;RETURN;17;V2;1;2;CITY
03/05/2024 8:41;4;30;RETURN;17;V2;1;2;CITY
03/05/2024 8:42;8;30;RETURN;17;V2;1;2;CITY
03/05/2024 8:42;12;30;RETURN;17;V2;1;2;CITY
03/05/2024 8:42;17;30;RETURN;17;V2;1;2;CITY
03/05/2024 8:42;18;30;RETURN;17;V2;1;2;CITY
03/05/2024 8:43;20;32;RETURN;17;V2;1;2;CITY
03/05/2024 8:43;16;32;RETURN;17;V2;1;2;CITY
03/05/2024 8:43;14;32;RETURN;17;V2;1;2;CITY
03/05/2024 8:43;11;32;RETURN;17;V2;1;2;CITY
03/05/2024 8:43;10;32;RETURN;17;V2;1;2;CITY
03/05/2024 8:44;15;32;RETURN;17;V2;1;2;CITY
03/05/2024 8:44;17;32;RETURN;17;V2;1;2;CITY
03/05/2024 8:44;15;32;RETURN;17;V2;1;2;CITY
03/05/2024 8:44;17;32;RETURN;17;V2;1;2;CITY
03/05/2024 8:45;15;32;RETURN;17;V2;1;2;CITY
03/05/2024 8:45;15;32;RETURN;17;V2;1;2;CITY
03/05/2024 8:45;14;32;RETURN;17;V2;1;2;CITY
03/05/2024 8:45;12;32;RETURN;17;V2;1;2;CITY
03/05/2024 8:46;10;32;RETURN;17;V2;1;2;CITY
03/05/2024 8:46;5;32;RETURN;17;V2;1;2;CITY
03/05/2024 8:46;0;33;RETURN;17;V2;1;2;CITY
03/05/2024 16:26;0;33;GO;22;V2;1;3;CITY
03/05/2024 16:26;6;33;GO;22;V2;1;3;CITY
03/05/2024 16:26;19;33;GO;22;V2;1;3;CITY
03/05/2024 16:26;21;33;GO;22;V2;1;3;CITY
03/05/2024 16:27;18;33;GO;22;V2;1;3;CITY
03/05/2024 16:27;4;33;GO;22;V2;1;3;CITY
03/05/2024 16:27;0;33;GO;22;V2;1;3;CITY
03/05/2024 16:27;6;33;GO;22;V2;1;3;CITY
03/05/2024 16:27;12;33;GO;22;V2;1;3;CITY
03/05/2024 16:27;20;33;GO;22;V2;1;3;CITY
03/05/2024 16:28;22;33;GO;22;V2;1;3;CITY
03/05/2024 16:28;22;33;GO;22;V2;1;3;CITY
03/05/2024 16:28;16;33;GO;22;V2;1;3;CITY
03/05/2024 16:28;15;33;GO;22;V2;1;3;CITY
03/05/2024 16:28;22;33;GO;22;V2;1;3;CITY
03/05/2024 16:28;14;33;GO;22;V2;1;3;CITY
03/05/2024 16:28;5;33;GO;22;V2;1;3;CITY
03/05/2024 16:29;0;33;GO;22;V2;1;3;CITY
03/05/2024 16:29;4;33;GO;22;V2;1;3;CITY
03/05/2024 16:29;14;33;GO;22;V2;1;3;CITY
03/05/2024 16:29;14;33;GO;22;V2;1;3;CITY
03/05/2024 16:29;21;34;GO;22;V2;1;3;CITY
03/05/2024 16:29;24;34;GO;22;V2;1;3;CITY
03/05/2024 16:29;20;34;GO;22;V2;1;3;CITY
03/05/2024 16:30;20;34;GO;22;V2;1;3;CITY
03/05/2024 16:30;20;34;GO;22;V2;1;3;CITY
03/05/2024 16:30;9;34;GO;22;V2;1;3;CITY
03/05/2024 16:30;0;25;GO;22;V2;1;3;CITY
03/05/2024 16:30;5;30;GO;22;V2;1;3;CITY
03/05/2024 16:30;10;30;GO;22;V2;1;3;CITY
03/05/2024 16:31;17;30;GO;22;V2;1;3;CITY
03/05/2024 16:31;25;25;GO;22;V2;1;3;CITY
03/05/2024 16:31;17;25;GO;22;V2;1;3;CITY
03/05/2024 16:31;12;25;GO;22;V2;1;3;CITY
03/05/2024 16:31;4;25;GO;22;V2;1;3;CITY
03/05/2024 16:31;0;25;GO;22;V2;1;3;CITY
03/05/2024 16:31;10;25;GO;22;V2;1;3;CITY
03/05/2024 16:32;18;25;GO;22;V2;1;3;CITY
03/05/2024 16:32;27;25;GO;22;V2;1;3;CITY
03/05/2024 16:32;32;25;GO;22;V2;1;3;CITY
03/05/2024 16:32;37;25;GO;22;V2;1;3;CITY
03/05/2024 16:32;34;25;GO;22;V2;1;3;CITY
03/05/2024 16:32;32;25;GO;22;V2;1;3;CITY
03/05/2024 16:33;25;25;GO;22;V2;1;3;CITY
03/05/2024 16:33;16;25;GO;22;V2;1;3;CITY
03/05/2024 16:33;8;25;GO;22;V2;1;3;CITY
03/05/2024 16:33;0;25;GO;22;V2;1;3;CITY
03/05/2024 16:33;12;25;GO;22;V2;1;3;CITY
03/05/2024 16:33;25;25;GO;22;V2;1;3;CITY
03/05/2024 16:33;34;25;GO;22;V2;1;3;CITY
03/05/2024 16:34;36;22;GO;22;V2;1;3;CITY
03/05/2024 16:34;28;22;GO;22;V2;1;3;CITY
03/05/2024 16:34;22;22;GO;22;V2;1;3;CITY
03/05/2024 16:34;8;22;GO;22;V2;1;3;CITY
03/05/2024 16:34;0;22;GO;22;V2;1;3;CITY
03/05/2024 16:34;4;22;GO;22;V2;1;3;CITY
03/05/2024 16:34;16;22;GO;22;V2;1;3;CITY
03/05/2024 16:35;31;22;GO;22;V2;1;3;CITY
03/05/2024 16:35;34;21;GO;22;V2;1;3;CITY
03/05/2024 16:35;37;22;GO;22;V2;1;3;CITY
03/05/2024 16:35;42;21;GO;22;V2;1;3;CITY
03/05/2024 16:35;37;21;GO;22;V2;1;3;CITY
03/05/2024 16:35;36;21;GO;22;V2;1;3;CITY
03/05/2024 16:36;35;21;GO;22;V2;1;3;CITY
03/05/2024 16:36;28;21;GO;22;V2;1;3;CITY
03/05/2024 16:36;21;21;GO;22;V2;1;3;CITY
03/05/2024 16:36;10;18;GO;22;V2;1;3;CITY
03/05/2024 16:36;9;20;GO;22;V2;1;3;CITY
03/05/2024 16:36;11;18;GO;22;V2;1;3;CITY
03/05/2024 16:36;18;18;GO;22;V2;1;3;CITY
03/05/2024 16:37;26;18;GO;22;V2;1;3;CITY
03/05/2024 16:37;34;18;GO;22;V2;1;3;CITY
03/05/2024 16:37;42;18;GO;22;V2;1;3;CITY
03/05/2024 16:37;35;18;GO;22;V2;1;3;CITY
03/05/2024 16:37;32;14;GO;22;V2;1;3;CITY
03/05/2024 16:37;28;16;GO;22;V2;1;3;CITY
03/05/2024 16:38;34;14;GO;22;V2;1;3;CITY
03/05/2024 16:38;31;14;GO;22;V2;1;3;CITY
03/05/2024 16:38;21;14;GO;22;V2;1;3;CITY
03/05/2024 16:38;17;14;GO;22;V2;1;3;CITY
03/05/2024 16:38;27;7;GO;22;V2;1;3;CITY
03/05/2024 16:38;26;10;GO;22;V2;1;3;CITY
03/05/2024 16:38;8;10;GO;22;V2;1;3;CITY
03/05/2024 16:39;3;10;GO;22;V2;1;3;CITY
03/05/2024 16:39;20;7;GO;22;V2;1;3;CITY
03/05/2024 16:39;28;7;GO;22;V2;1;3;CITY
03/05/2024 16:39;35;7;GO;22;V2;1;3;CITY
03/05/2024 16:39;43;7;GO;22;V2;1;3;CITY
03/05/2024 16:39;40;7;GO;22;V2;1;3;CITY
03/05/2024 16:39;33;7;GO;22;V2;1;3;CITY
03/05/2024 16:40;18;7;GO;22;V2;1;3;CITY
03/05/2024 16:40;6;7;GO;22;V2;1;3;CITY
03/05/2024 16:40;2;7;GO;22;V2;1;3;CITY
03/05/2024 16:40;9;7;GO;22;V2;1;3;CITY
03/05/2024 16:40;18;7;GO;22;V2;1;3;CITY
03/05/2024 16:40;30;7;GO;22;V2;1;3;CITY
03/05/2024 16:41;24;7;GO;22;V2;1;3;CITY
03/05/2024 16:41;19;7;GO;22;V2;1;3;CITY
03/05/2024 16:41;4;7;GO;22;V2;1;3;CITY
03/05/2024 16:41;0;6;GO;22;V2;1;3;CITY
